rep,rank,alpha,ephys_rmse,cancer_rmse
1,4,0.0,0.2553870910347534,
1,4,0.25,0.26919554641848736,0.6754193813356622
1,4,1.0,0.2723828036909852,0.6782848023473786
1,4,4.0,0.4323568549731482,0.7654751907759572
1,8,0.0,0.1871537686319837,
1,8,0.25,0.24995932029048148,0.7873259251194444
1,8,1.0,0.2695240226979334,0.9249515558007224
1,8,4.0,0.28663677225623013,1.1461915547822947
1,12,0.0,0.18083736592542737,
1,12,0.25,0.2332043287969671,0.8309792176444365
1,12,1.0,0.24736176153415465,1.0122873350945796
1,12,4.0,0.2717408136999628,1.1062808597208267
2,4,0.0,0.25353586998665456,
2,4,0.25,0.2719857254324505,0.7098257888975533
2,4,1.0,0.27215465470579236,0.7116370990809177
2,4,4.0,0.4367814125625641,0.7644831184698594
2,8,0.0,0.18952809511784632,
2,8,0.25,0.2423183665363792,0.828524028045199
2,8,1.0,0.270967239683716,1.006749892370397
2,8,4.0,0.30842693988259784,1.1160198760312634
2,12,0.0,0.18878509989367398,
2,12,0.25,0.23335811486024727,0.8745598533220418
2,12,1.0,0.2511726584257167,1.0546774429226087
2,12,4.0,0.27151660863628607,1.0756251989109036
3,4,0.0,0.2525895912264684,
3,4,0.25,0.2705638136734009,0.6710834017813737
3,4,1.0,0.27277955573897267,0.6723912434947271
3,4,4.0,0.45188873217910114,0.7637135682967661
3,8,0.0,0.1765471689272445,
3,8,0.25,0.25616793491939427,0.7802164709326386
3,8,1.0,0.2712225900594995,0.9468975893237185
3,8,4.0,0.30457220191609224,1.177175120184873
3,12,0.0,0.1698412477219061,
3,12,0.25,0.24591087545909024,0.8243129985231206
3,12,1.0,0.25520428924252847,1.0268217318207176
3,12,4.0,0.27385307010696164,1.058225829284052
4,4,0.0,0.2535754129611999,
4,4,0.25,0.28281827437670515,0.6692676266831719
4,4,1.0,0.2836146137394724,0.6726078973677891
4,4,4.0,0.46946922545369213,0.7763768501832539
4,8,0.0,0.1897715905713784,
4,8,0.25,0.24157915805664354,0.776151478987193
4,8,1.0,0.2820795741559641,0.9334188548701626
4,8,4.0,0.3631819908849711,1.2297839665258272
4,12,0.0,0.19650037247866733,
4,12,0.25,0.23686633728571654,0.874335440414477
4,12,1.0,0.2537256052304645,1.0157294903367844
4,12,4.0,0.28521474478436276,1.0984672546346084
5,4,0.0,0.2511776789923029,
5,4,0.25,0.27920046256313547,0.6710024204136795
5,4,1.0,0.27995507961663124,0.6720295822094378
5,4,4.0,0.44942204233268385,0.7127355407496082
5,8,0.0,0.18534140076071334,
5,8,0.25,0.23180277946298206,0.7619576936695482
5,8,1.0,0.2758563267973521,0.983374807374199
5,8,4.0,0.31623874140980957,1.1815022125518222
5,12,0.0,0.1909172608008108,
5,12,0.25,0.23053317474346782,0.8628685160997137
5,12,1.0,0.25438047806151465,1.0265999727821185
5,12,4.0,0.27581737490731395,1.099475595854544
