node,view,LF1,LF2,LF3,LF4,LF5,LF6,LF7,LF8,LF9,LF10,LF11,LF12
adaptation,bioelectric,-0.3286583990888883,0.07751078411070066,0.6418933273230585,-0.5777506067951165,0.07874203564614725,0.15990512434406712,0.7521605697208311,-1.0688611233537944,0.6185460701980848,-0.689630848964132,-0.6655584854837528,-1.071804670982378
avg_isi,bioelectric,-0.7546542293639057,0.6682528814228865,-0.04266128766750141,-0.8345977781023178,-1.3743571546663518,-1.0624216613763917,0.11850489188671146,0.09762052352076452,1.2245953804722465,-0.8195896454251885,-0.44741928005732423,-0.05182131364328992
f_i_curve_slope,bioelectric,0.6574417053746889,-0.822339473309484,0.10344138516565161,0.8205480153200366,0.4429261189045756,1.0312555800860934,0.44422626353635086,-0.02479452986956444,-0.995786857175147,0.840346989909625,0.26506976680809874,0.7189090436649009
fast_trough_v_long_square,bioelectric,-0.4097467043903692,1.5172227468826855,-0.3788217626876165,-0.7247847638597922,0.698353194679039,-0.9591798292335217,-1.5539942450521995,-0.04718593591907223,0.5164490945009897,0.08806853242482816,0.33728605437747733,-0.9030772162859372
latency,bioelectric,0.20837220356820324,0.07405796813922037,-0.5848146208672788,-0.8886695119246112,-2.047667618074689,-0.3919463816405688,1.25832822719835,0.16401261549978519,1.0358485724162605,-0.04384455988406018,-0.455305265983221,2.110432249345019
peak_v_long_square,bioelectric,-0.5930586842407753,0.7054877935038842,0.6101865906758639,-0.225593518473985,0.08208288744062642,-0.030653797147686325,0.2990595842066221,-0.34606421099462686,1.2479901974664398,-1.357361975697593,0.050796147958939976,-0.9476009580442284
ri,bioelectric,-0.6002552348843503,0.6561605816199505,1.0641535784230534,-0.32224594192869943,0.26398352399229524,0.319006559147996,0.6762387578084186,-1.0716542848179629,0.6895709863552348,-0.2957560696684867,-0.7332090264646439,-0.5666350030269586
sag,bioelectric,0.48023209873634,-0.6001103989343601,-0.18423633819516866,-1.789800913454169,0.93286817326741,0.7876499741769736,0.7550550828168864,-1.1889578029087418,1.042464713321877,-0.6290644876730274,-1.7616154346419703,0.1326907610396583
tau,bioelectric,-0.35231006895655176,-0.03233088093675392,0.8601538091974347,-0.4097456469570836,-0.5662696617054673,0.5179386879669511,1.6750704841574362,-1.2580400426362874,0.7221571404885331,-0.4109459559585092,-0.8837753231495677,-0.040116200688820006
threshold_i_long_square,bioelectric,0.5226222068109956,-0.700925035637441,-0.9929002097265601,0.3552514875858032,-0.32038452414113444,-0.07244482152762947,-0.5082159445776449,0.8939607979173452,-0.7627727185550675,0.5338745742956426,0.5407377854907649,0.7021528447326824
threshold_i_ramp,bioelectric,0.5606568601531227,-0.8877400600223567,-0.8419448660635614,0.4131697429667618,-0.3175187759143292,0.23139973979657197,-0.1259856362436713,0.7643897225517782,-0.663745057726779,0.35418917759016805,0.5174845912100744,0.8088928811986829
threshold_i_short_square,bioelectric,0.4049152461714558,-0.7832938820273881,-0.8297585127916492,-0.23758062930058854,-1.4822394504324115,-0.02272079417151827,0.6907419322233638,0.7305218245342039,0.051054194599182416,0.22122114089794184,-0.16848669441615832,1.858791190191211
threshold_v_long_square,bioelectric,0.4008548543823536,0.8066468447160425,-0.9535894227070125,0.5432456064102041,0.5817998466907449,0.36258412034882215,-0.9211327882922158,0.6022514866967297,-0.23179183673724738,0.7811124779901807,1.658687492357129,0.9157226941604314
threshold_v_ramp,bioelectric,0.4810913909385396,-0.02023632293115094,-0.21653992287867807,0.8506864639463282,0.5802082935920213,1.5866447787732798,0.45600168291574733,0.4261216240841087,0.1386143846030565,-0.00802360430760756,1.3458080909495285,1.4211812628250307
threshold_v_short_square,bioelectric,-1.1533125662558321,2.263620546688109,0.19145919165145853,-0.509702866205977,-0.9158510501691614,-0.16020906583284897,-0.18740888082067267,0.1824316885697218,1.3155042478285546,0.7294921159717722,-0.42063617243147294,1.8717298010255072
trough_v_long_square,bioelectric,-0.33918744401954554,1.4815047165667141,-0.3465616526050204,-0.7753009880837475,0.8084099103433425,-0.7825109364986244,-1.3478077525452186,-0.3438165330212458,0.4983428014523708,0.12323648401310147,0.3265070515281875,-1.01774640593839
upstroke_downstroke_ratio_long_square,bioelectric,-0.7729564538304734,1.3739466329979069,-0.004547415180015272,-0.46599955506711627,0.20257507422077461,-1.1828185451972577,-1.432578025230738,0.5524844329379659,0.8237283364858824,-0.4593586483540177,0.025357591017885865,-0.604508237202573
vrest,bioelectric,-0.5239837504796191,0.9016522022628966,0.07876935438919334,-0.5652534853024755,-0.7546558096915406,-0.05828532382952108,1.3720494163973265,-2.265791319672624,-0.1545687541142284,1.1991277624300851,-0.12282422905153653,-0.830567923130574
brca_tcga_pan_can_atlas_2018,cancer,-0.07300562505400295,0.4133795120388412,-0.5644821655246749,0.19931863119011295,-1.0753943492928852,1.3974220886165478,-0.5769608850417117,-0.16535045161048792,-0.3643171216601962,-0.4788814215951748,-0.5320015785581034,-0.518078998745679
coadread_tcga_pan_can_atlas_2018,cancer,0.5749937435575825,0.4180412561935597,0.10915096830572539,0.5795199412834487,-0.8359545649313197,0.8606845396431837,-0.9449366190468199,-0.6696921947953096,-0.2020264917462944,-0.4869011061991569,-0.7581619318211762,0.037091308276050235
gbm_tcga_pan_can_atlas_2018,cancer,0.5824652325515821,1.0724792301852901,-0.23066687810789482,0.8762707701369717,0.13142225274417682,-0.6530546641902549,0.11550889524201689,-0.5292470903016337,-1.1331769876884599,-1.0008455646363819,-1.080496018552202,0.4990790847337267
lgg_tcga_pan_can_atlas_2018,cancer,-0.7261155730052951,1.0318268171578815,-0.9314964055285003,-0.09398322557037142,0.2135677851885918,0.511959632330524,0.6240850117608253,0.3267145749336101,-1.5645428075429548,-1.2598365086187027,-0.6867325254488547,-0.026095025173985608
luad_tcga_pan_can_atlas_2018,cancer,0.887154480956496,0.4381158418649809,0.09422986094187308,0.5793233823091575,-0.580964795216885,0.2445020882976832,-0.41805801108342855,-0.826525294932225,-0.07861815528687432,-1.266803711457469,-0.04746044440756642,0.16679724540370558
ov_tcga_pan_can_atlas_2018,cancer,0.15571259682532923,0.4395751205533932,-1.3561861351080884,0.3002890379334815,-0.7466539967779073,0.7293694938592635,-0.10655148708342152,-0.81866874751761,-0.1181742375348321,-1.051103291523254,0.4236078532206289,-0.4460632253561038
paad_tcga_pan_can_atlas_2018,cancer,-0.9313139606791124,-0.49799319754741245,0.6412652349765127,-0.4335629412987995,-0.5391313138237055,0.31059066186573914,-1.2567481195259054,-1.5166081556586464,-1.0162439703457882,-0.9559784701405925,0.5976068717027274,0.999293474740418
prad_tcga_pan_can_atlas_2018,cancer,1.2917916239281348,0.9520345612962705,0.9454075668983875,-1.265785386783814,-0.9118829517787869,0.8826489050951812,-0.1800931051361661,0.3530300739924827,-1.163059487440202,-0.49521884096572083,0.22492232198495918,-0.4088474319784949
skcm_tcga_pan_can_atlas_2018,cancer,1.3456123669858249,0.5991329737439837,0.15086535390923633,0.6775625927014934,-0.629188580050989,0.13707040858227956,-0.42733841793926647,-0.7652465415104412,0.118712700629347,-1.031737383479814,-0.0916402062427131,0.05850360017248486
ucec_tcga_pan_can_atlas_2018,cancer,0.19200462268785884,0.39114699015155824,-0.27370377200035606,0.5908528999385638,-0.8910583813308719,1.3226399128730386,-0.8994308747123269,-0.3427022556704455,-0.18435482580647736,-0.23374024667013946,-1.0407062203912003,-0.24634720238663727
