rank,cancer_weight,mean_ephys_rmse,mean_cancer_rmse
4,0.0,0.25325312884027584,
4,0.25,0.27475276449283587,0.6793197238222881
4,1.0,0.27617734149837075,0.68139012490005
4,4.0,0.4479836535002379,0.756556853695089
8,0.0,0.18566840480183325,
8,0.25,0.24436551185317607,0.7868351193508046
8,1.0,0.27392995067889303,0.9590785399478399
8,4.0,0.31581132926994016,1.170134546015216
12,0.0,0.18537626936409707,
12,0.25,0.2359745662290978,0.8534112052007579
12,1.0,0.2523689584988758,1.0272231945913617
12,4.0,0.2756285224269774,1.087614947680987
