trait,extra_trees_r2,multitask_r2,delta_r2_multitask_minus_et,extra_trees_spearman,multitask_spearman,delta_spearman_multitask_minus_et
adaptation,0.2042312625751283,0.172740955508519,-0.0314903070666093,0.6924808404205953,0.6195348969699863,-0.07294594345060901
avg_isi,0.2877120579184528,0.2822667333536393,-0.005445324564813503,0.6745729122997435,0.6495459678827675,-0.02502694441697595
f_i_curve_slope,0.5519343288141481,0.5406775893528268,-0.011256739461321219,0.6489365013343502,0.633616999347639,-0.01531950198671117
fast_trough_v_long_square,0.3320272539923642,0.3118280207370786,-0.02019923325528561,0.6158554300545918,0.6039348186461378,-0.011920611408453907
latency,0.1876695431667564,0.144466219285672,-0.043203323881084416,0.6257171665229933,0.5926651568550365,-0.03305200966795674
peak_v_long_square,0.1518877161430468,0.1575690486577423,0.005681332514695492,0.4314706492978495,0.4410089851062644,0.0095383358084149
ri,0.558424966682608,0.5720637438877197,0.013638777205111752,0.7954161509515275,0.7907198419642476,-0.004696308987279907
sag,0.2123478188261796,0.26612199956632,0.0537741807401404,0.5635310495149095,0.583878216401305,0.020347166886395485
tau,0.6050992535343502,0.6254196960669349,0.020320442532584693,0.8650465570501717,0.8514599638893184,-0.01358659316085331
threshold_i_long_square,0.6787034254081101,0.6711491024138587,-0.007554322994251406,0.8022837661650117,0.794858964378933,-0.0074248017860787385
threshold_i_ramp,0.5588150407692934,0.5553353741085504,-0.0034796666607430637,0.7525283986365452,0.748198066160162,-0.0043303324763831474
threshold_i_short_square,0.3760703768409575,0.3457616194970654,-0.0303087573438921,0.6444574591516921,0.6262264324367749,-0.018231026714917165
threshold_v_long_square,0.1384108275594298,0.1217089607165188,-0.016701866842911,0.4255738005716326,0.4105038506845566,-0.015069949887075995
threshold_v_ramp,0.0839580303439411,0.0572705580628079,-0.026687472281133204,0.3436148123966213,0.3284401453622851,-0.015174667034336176
threshold_v_short_square,0.1028035260115648,0.0831894859537799,-0.0196140400577849,0.3750958363457742,0.3690277128779852,-0.006068123467789011
trough_v_long_square,0.2493085256115411,0.2236487390355558,-0.025659786575985305,0.5346584479719706,0.5226798462402763,-0.011978601731694294
upstroke_downstroke_ratio_long_square,0.7503234149643927,0.7881086693029653,0.037785254338572605,0.905778535866514,0.9144676434783546,0.008689107611840607
vrest,0.1099510649521056,0.073888767556703,-0.03606229739540261,0.3246756187276615,0.2942066177318091,-0.03046900099585237
