target_vis,target_m1,n_m1,spearman,r2,mae,abs_spearman,external_strength
vrest,Resting membrane potential (mV),1304,0.22939302586370483,-0.5501276114876459,8.576553751993456,0.22939302586370483,weak
ri,Input resistance (MOhm),1304,0.5561967401560213,0.11971178138626615,78.70871355765516,0.5561967401560213,moderate
tau,Membrane time constant (ms),1304,0.4997263526635375,0.27482610004279395,4.420736276025239,0.4997263526635375,moderate
latency,Latency (ms),1304,0.2554634732354029,-0.4915673236683855,71.42870380767933,0.2554634732354029,weak
upstroke_downstroke_ratio_long_square,Upstroke-to-downstroke ratio,1304,0.6271674024418086,0.1946049270983955,0.9128169256210962,0.6271674024418086,strong
sag,Sag ratio,1304,0.32676733017525644,-95.16364127257519,1.0398871891810517,0.32676733017525644,weak
threshold_v_long_square,AP threshold (mV),1304,0.18495674056066805,-0.029006918295447104,5.666866039988092,0.18495674056066805,very weak
threshold_i_long_square,Rheobase (pA),1304,0.6121202897426967,-0.4338616839854572,71.22424147105885,0.6121202897426967,strong
adaptation,Spike frequency adaptation,1304,-0.4612773207792682,-17.413710824038453,0.686379609768838,0.4612773207792682,moderate
