target,grouped_spearman,naive_random_spearman,leakage_inflation_delta,permuted_mean_spearman,signal_over_null_delta
adaptation,0.7062282851116304,0.7102172616492195,0.003988976537589117,0.04368576097045007,0.6625425241411803
avg_isi,0.6780566365420595,0.6814059161390933,0.003349279597033794,-0.010287033769808822,0.6883436703118683
f_i_curve_slope,0.6580050885006999,0.6557079286685438,-0.0022971598321561704,-0.02127901082893021,0.6792840993296302
latency,0.6104580247222977,0.6087285815411707,-0.0017294431811269995,-0.019820135911591666,0.6302781606338894
ri,0.7980027719634523,0.7987776486059631,0.0007748766425108577,0.025785083302499644,0.7722176886609526
sag,0.5854671478789559,0.5769269131082873,-0.008540234770668675,0.014850357657951672,0.5706167902210043
tau,0.8726408381957654,0.8727531747927267,0.00011233659696130438,0.019058474407303513,0.853582363788462
threshold_i_long_square,0.8076489262740664,0.8059713872159182,-0.0016775390581481586,0.012835089507255731,0.7948138367668106
threshold_v_long_square,0.42857039950311043,0.4285622602252161,-8.139277894336772e-06,0.017727659871491712,0.4108427396316187
upstroke_downstroke_ratio_long_square,0.9072009729550496,0.9083941735865203,0.001193200631470659,-0.023414611017152177,0.9306155839722018
vrest,0.32511996127068304,0.32835549959194743,0.0032355383212643862,0.001748590820349299,0.32337137045033376
