trait,extra_trees_var400_r2,extra_trees_var400_spearman,extra_trees_var400_mae,pls_all_r2,pls_all_spearman,pls_all_mae,ridge_cbe_top500_r2,ridge_cbe_top500_spearman,ridge_cbe_top500_mae,ridge_all_r2,ridge_all_spearman,ridge_all_mae,best_spearman_model,best_spearman,best_r2_model,best_r2
adaptation,0.2042312625751283,0.6924808404205953,0.0645985309377743,0.1702945501603908,0.6342623528443118,0.0685083751348438,0.1060612263386242,0.5519271614332711,0.0763054078473377,-0.2754687065741483,0.3944571338163598,0.0978656697626223,extra_trees_var400,0.6924808404205953,extra_trees_var400,0.2042312625751283
avg_isi,0.2877120579184528,0.6745729122997435,21.76009417185744,0.2848487910083004,0.6522422802002954,22.4025398328756,0.2110012497499969,0.5983093990814623,24.927372898766823,-0.0192883552687229,0.504870107613226,30.59804904101213,extra_trees_var400,0.6745729122997435,extra_trees_var400,0.2877120579184528
f_i_curve_slope,0.5519343288141481,0.6489365013343502,0.1392628253568849,0.5096475739596876,0.5582856276577457,0.1477164253966084,0.4935763415411097,0.5901518648373865,0.1512279730292074,0.3180557106305139,0.5301316868404715,0.1823639055007678,extra_trees_var400,0.6489365013343502,extra_trees_var400,0.5519343288141481
fast_trough_v_long_square,0.3320272539923642,0.6158554300545918,4.419167073269091,0.3246568634928676,0.6010029725407954,4.474311981496841,0.2868877117036314,0.590806912898679,4.63477982151655,0.0186617001540398,0.4823642243867357,5.530772830236702,extra_trees_var400,0.6158554300545918,extra_trees_var400,0.3320272539923642
latency,0.1876695431667564,0.6257171665229933,0.0114935943509824,0.145604726101177,0.5789998828474182,0.0121733775844512,-0.0125107110443546,0.4608554990543437,0.0148583525184924,-0.5312968383153486,0.3413738251494095,0.0204550231489252,extra_trees_var400,0.6257171665229933,extra_trees_var400,0.1876695431667564
peak_v_long_square,0.1518877161430468,0.4314706492978495,7.766970273489084,0.1627858241812727,0.4426624277679782,7.7062061238782515,0.0661467543274595,0.3760859553413435,8.212441169488587,-0.2575192604704496,0.283489266682653,9.57707897481434,pls_all,0.4426624277679782,pls_all,0.1627858241812727
ri,0.558424966682608,0.7954161509515275,43.112110862902895,0.5539611175533592,0.7752652265705301,44.66491165633869,0.5419348269401013,0.7709015197981361,44.499124422655214,0.4481118462602996,0.7254470375669747,50.416087817390064,extra_trees_var400,0.7954161509515275,extra_trees_var400,0.558424966682608
sag,0.2123478188261796,0.5635310495149095,0.0403881968943305,0.1745853802454552,0.4700586244560236,0.0420615295397987,0.1922531631800496,0.5236786353013116,0.0418849707043116,-0.0907894773717965,0.4505899304400412,0.0509471490943881,extra_trees_var400,0.5635310495149095,extra_trees_var400,0.2123478188261796
tau,0.6050992535343502,0.8650465570501717,3.7875752628174695,0.6152400770845265,0.8492713516398347,3.854650480059385,0.5946631631380942,0.823057435685735,4.043141968103058,0.4686132693886742,0.755164178743627,4.852417449218244,extra_trees_var400,0.8650465570501717,pls_all,0.6152400770845265
threshold_i_long_square,0.6787034254081101,0.8022837661650117,35.83153912395657,0.6205143154130545,0.7761534863512979,40.289115891947134,0.6597255880951991,0.7819973748276984,37.61231551968188,0.5571010618419829,0.7353526071920895,43.87260433209888,extra_trees_var400,0.8022837661650117,extra_trees_var400,0.6787034254081101
threshold_i_ramp,0.5588150407692934,0.7525283986365452,50.677488152008536,0.4880704946234212,0.7146385541908462,54.919759353927965,0.5173287049918724,0.7245638736644976,53.08214450104924,0.354543927628851,0.6587348845894757,61.81331605772628,extra_trees_var400,0.7525283986365452,extra_trees_var400,0.5588150407692934
threshold_i_short_square,0.3760703768409575,0.6444574591516921,113.7490268010638,0.120120382220301,0.5309928123839196,138.09703947828748,0.2961641448936946,0.5972187673092861,121.8471196731017,0.0784668191022275,0.5190378140348687,141.23613933244212,extra_trees_var400,0.6444574591516921,extra_trees_var400,0.3760703768409575
threshold_v_long_square,0.1384108275594298,0.4255738005716326,4.454068067141397,0.1336615241547782,0.3931034487517861,4.467061771446577,0.0809880400832327,0.3927913852720933,4.64854004062534,-0.2709248035441943,0.2898355184712454,5.546443010926955,extra_trees_var400,0.4255738005716326,extra_trees_var400,0.1384108275594298
threshold_v_ramp,0.0839580303439411,0.3436148123966213,5.6332044219488,0.0607787865721912,0.2996893144370427,5.731970532120614,-0.0004621853691144,0.2925552004976818,5.96764757455264,-0.3975973533481345,0.1855106098314032,7.15974804761335,extra_trees_var400,0.3436148123966213,extra_trees_var400,0.0839580303439411
threshold_v_short_square,0.1028035260115648,0.3750958363457742,4.963965852798365,0.107491846117902,0.3694528442927706,4.991010166831817,0.0439987141664961,0.3488921370554708,5.314534355757553,-0.3013536299947732,0.2564767642685535,6.349121081034689,extra_trees_var400,0.3750958363457742,pls_all,0.107491846117902
trough_v_long_square,0.2493085256115411,0.5346584479719706,4.372259600959649,0.233050486901091,0.5099006939408228,4.452781717574625,0.1873963036163126,0.4975608018871011,4.6355076995454185,-0.1209408509186414,0.3841448607068894,5.544456481074231,extra_trees_var400,0.5346584479719706,extra_trees_var400,0.2493085256115411
upstroke_downstroke_ratio_long_square,0.7503234149643927,0.905778535866514,0.3227686615021978,0.7614972615505161,0.8987401761868321,0.3184503696844214,0.7730337754851083,0.9082098815937804,0.308154230456597,0.7067485541579764,0.878818473657948,0.3582336548110581,ridge_cbe_top500,0.9082098815937804,ridge_cbe_top500,0.7730337754851083
vrest,0.1099510649521056,0.3246756187276615,4.696521932798439,0.0761433576537624,0.2916631106035914,4.774751141826364,-0.0070029998149624,0.2570217840865585,5.012059584219331,-0.3868511557224363,0.1832647109221775,5.915941020329546,extra_trees_var400,0.3246756187276615,extra_trees_var400,0.1099510649521056
