trait,extratrees_r2,ridge_r2,r2_delta,extratrees_spearman,ridge_spearman,spearman_delta,extratrees_mae,ridge_mae,mae_relative_improvement_pct
upstroke_downstroke_ratio_long_square,0.7323831952180492,0.7155961419014312,0.016787053316618006,0.9085914333709859,0.8798272308933438,0.02876420247764211,0.333940838302622,0.35446810012236235,5.7910039895421725
tau,0.6127777665865488,0.4859543251869856,0.1268234413995632,0.8744227711758731,0.7581789368431266,0.11624383433274643,3.7352627925058206,4.750385104464795,21.369263536231628
threshold_i_long_square,0.6735890770643888,0.5676165310957513,0.10597254596863748,0.8082141925362185,0.7345937734200719,0.07362041911614658,35.939661667623696,43.56247448048158,17.498576248861465
ri,0.5577581904133566,0.4524006588440598,0.10535753156929684,0.7990590179652259,0.7258084229719886,0.07325059499323738,43.37008185742128,50.45822195656339,14.04754235146035
adaptation,0.21087461009144004,-0.23785023260998214,0.4487248427014222,0.708070723142543,0.40381923838006173,0.3042514847624813,0.06458083126021152,0.0968330395628921,33.3070287251833
avg_isi,0.28654085950248664,-0.0009554511291816059,0.28749631063166825,0.6782408219495691,0.5020957956495351,0.17614502630003404,21.78906683460694,30.58620586189813,28.761785842323025
f_i_curve_slope,0.5402933172510525,0.32863659578996635,0.2116567214610861,0.6580299963705104,0.5289896974535628,0.12904029891694757,0.14060055333338306,0.1816092456586008,22.580729398715835
latency,0.16789757806132738,-0.5121583519999239,0.6800559300612512,0.613914568909647,0.3364239815676541,0.27749058734199294,0.011938006927670903,0.020357176689628866,41.35725641290514
sag,0.22621347016130738,-0.08175004587400825,0.30796351603531563,0.5840659227819806,0.4547411919090255,0.12932473087295504,0.03984719464868076,0.050621143703098094,21.28349591942932
threshold_v_long_square,0.14231451144614318,-0.2743386500818268,0.41665316152796994,0.43333254060731247,0.2686949174086296,0.16463762319868286,4.434564066829802,5.626730228737737,21.187547890942298
vrest,0.11097055025081444,-0.34151268013135233,0.45248323038216676,0.3250742277289901,0.19917130631099605,0.12590292141799403,4.688560744384654,5.783804784868003,18.9363936236023
