model,trait,mean_r2,sd_r2,mean_spearman,mean_mae,folds
latent_bioelectric_prior,adaptation,0.17274095550851903,0.03058902605204668,0.6195348969699863,0.06956069301635492,5
latent_bioelectric_prior,avg_isi,0.28226673335363933,0.035111020553473565,0.6495459678827675,22.73448284468686,5
latent_bioelectric_prior,f_i_curve_slope,0.5406775893528268,0.051827969562211564,0.633616999347639,0.14044121881651456,5
latent_bioelectric_prior,fast_trough_v_long_square,0.3118280207370786,0.04131815191156817,0.6039348186461378,4.53866888935521,5
latent_bioelectric_prior,latency,0.144466219285672,0.08994660174715947,0.5926651568550365,0.012271665865348102,5
latent_bioelectric_prior,peak_v_long_square,0.1575690486577423,0.019702872656940523,0.44100898510626446,7.71962181416748,5
latent_bioelectric_prior,ri,0.5720637438877197,0.01954795739889915,0.7907198419642476,42.79211122055707,5
latent_bioelectric_prior,sag,0.26612199956632004,0.07036815457124593,0.583878216401305,0.038754880646412714,5
latent_bioelectric_prior,tau,0.6254196960669349,0.09764810554596921,0.8514599638893184,3.7640008233711866,5
latent_bioelectric_prior,threshold_i_long_square,0.6711491024138587,0.022272551208277938,0.794858964378933,36.87826227625842,5
latent_bioelectric_prior,threshold_i_ramp,0.5553353741085504,0.03364307957557106,0.748198066160162,50.8616145446985,5
latent_bioelectric_prior,threshold_i_short_square,0.34576161949706546,0.02950283919918594,0.6262264324367749,117.1141904200288,5
latent_bioelectric_prior,threshold_v_long_square,0.1217089607165188,0.03798915729702145,0.4105038506845566,4.5234565840669605,5
latent_bioelectric_prior,threshold_v_ramp,0.0572705580628079,0.06277625305223641,0.3284401453622851,5.743411217884141,5
latent_bioelectric_prior,threshold_v_short_square,0.08318948595377999,0.035545014158602915,0.36902771287798525,5.128083315214934,5
latent_bioelectric_prior,trough_v_long_square,0.22364873903555588,0.04419298125100901,0.5226798462402763,4.50930786148703,5
latent_bioelectric_prior,upstroke_downstroke_ratio_long_square,0.7881086693029653,0.024516341166052086,0.9144676434783546,0.2949220937593584,5
latent_bioelectric_prior,vrest,0.07388876755670308,0.04971608078517964,0.2942066177318091,4.798935630476575,5
latent_cancer_prior,adaptation,0.1722872946291888,0.03209024616894459,0.6185061435967661,0.06955647689255344,5
latent_cancer_prior,avg_isi,0.28221587011909294,0.03574589600118792,0.6500671703024586,22.704869824005428,5
latent_cancer_prior,f_i_curve_slope,0.5391038433569895,0.05264873912211467,0.6326478766371194,0.1406923355172552,5
latent_cancer_prior,fast_trough_v_long_square,0.31073165996217667,0.040448904507621966,0.6031962704828361,4.54183596223003,5
latent_cancer_prior,latency,0.1439402652780426,0.08800953344567361,0.5906252773833697,0.01229552642034384,5
latent_cancer_prior,peak_v_long_square,0.15845380100567447,0.02053202965138606,0.44221077309079615,7.720808774798837,5
latent_cancer_prior,ri,0.5713131759370491,0.019614172323444992,0.7898083433582898,42.842316999005526,5
latent_cancer_prior,sag,0.2661695437305366,0.07109584445823561,0.5831573061346192,0.038790097450711825,5
latent_cancer_prior,tau,0.6242440880933732,0.09772175458875962,0.8511290212811433,3.7681077195830177,5
latent_cancer_prior,threshold_i_long_square,0.6690787794093911,0.022095765856949248,0.7934780402449334,37.03985916952655,5
latent_cancer_prior,threshold_i_ramp,0.5535512556965572,0.03399907327896157,0.747129643875965,50.98964659473023,5
latent_cancer_prior,threshold_i_short_square,0.34477390914798967,0.029757991138349302,0.6247145632088229,117.16781874951796,5
latent_cancer_prior,threshold_v_long_square,0.12163995974632553,0.03993809251647962,0.41039607235201314,4.521158915954109,5
latent_cancer_prior,threshold_v_ramp,0.05538058433193034,0.06333517723277161,0.32687657507548007,5.74736301732675,5
latent_cancer_prior,threshold_v_short_square,0.08290568135162327,0.03681245827703746,0.3687837327172935,5.1291318087607225,5
latent_cancer_prior,trough_v_long_square,0.22276785756276837,0.04295623029877914,0.521996719494348,4.511349330731088,5
latent_cancer_prior,upstroke_downstroke_ratio_long_square,0.7874089294215014,0.024339770499066677,0.913831043959029,0.2955624517215079,5
latent_cancer_prior,vrest,0.07306855434564963,0.0497726966020086,0.29402236361518747,4.800206349546999,5
latent_cbef_prior,adaptation,0.1728293370397067,0.031034917097477265,0.6195423900949935,0.0695550069849408,5
latent_cbef_prior,avg_isi,0.28230894256525946,0.03512442843255128,0.6498420022646886,22.72113527416153,5
latent_cbef_prior,f_i_curve_slope,0.5402425742009426,0.05197738401846645,0.6334530864777136,0.14050159995587452,5
latent_cbef_prior,fast_trough_v_long_square,0.3116360865234557,0.04119095140895946,0.6038962255960572,4.538844256946684,5
latent_cbef_prior,latency,0.1443708555569612,0.08960962471809801,0.592432157124169,0.012273736664525477,5
latent_cbef_prior,peak_v_long_square,0.15808096349469433,0.019515325559986387,0.44166080792259993,7.7191102564532175,5
latent_cbef_prior,ri,0.5719314868967623,0.019576974637217925,0.7905207319010058,42.80054961769025,5
latent_cbef_prior,sag,0.26609834987336245,0.07068628201415363,0.5835497191036403,0.03876879626684323,5
latent_cbef_prior,tau,0.6252211172485919,0.0977134216857931,0.8513739563272604,3.7643061176752894,5
latent_cbef_prior,threshold_i_long_square,0.6707367584465077,0.022201855318550373,0.794562335336748,36.91024810220853,5
latent_cbef_prior,threshold_i_ramp,0.5550123407024798,0.033733054490663286,0.7482017229367776,50.88969080971977,5
latent_cbef_prior,threshold_i_short_square,0.3455466128993513,0.02956677099418276,0.6258060248978581,117.11238691216799,5
latent_cbef_prior,threshold_v_long_square,0.12167783086199087,0.03850179008376321,0.4104696374550364,4.522869351429257,5
latent_cbef_prior,threshold_v_ramp,0.056519118171105553,0.06279185152307683,0.3278335789314414,5.745111352706445,5
latent_cbef_prior,threshold_v_short_square,0.0831210496467564,0.035815469988277795,0.3690554018403324,5.128079680557532,5
latent_cbef_prior,trough_v_long_square,0.22351262590196636,0.044006364685436616,0.5227040964871605,4.50935979873921,5
latent_cbef_prior,upstroke_downstroke_ratio_long_square,0.7879743499952342,0.0244884726996055,0.9143239145831892,0.29499942135954804,5
latent_cbef_prior,vrest,0.07374272130242436,0.049845841448331464,0.29424784672087173,4.798842094594352,5
latent_unweighted,adaptation,0.17228729462918874,0.03209024616894459,0.6185061435967661,0.06955647689255344,5
latent_unweighted,avg_isi,0.2822158701190928,0.035745896001187855,0.6500671703024586,22.70486982400543,5
latent_unweighted,f_i_curve_slope,0.5391038433569895,0.0526487391221148,0.6326478766371194,0.1406923355172552,5
latent_unweighted,fast_trough_v_long_square,0.31073165996217667,0.040448904507621807,0.6031962704828361,4.541835962230029,5
latent_unweighted,latency,0.14394026527804243,0.08800953344567368,0.5906252773833697,0.012295526420343839,5
latent_unweighted,peak_v_long_square,0.1584538010056744,0.020532029651386126,0.44221077309079615,7.720808774798837,5
latent_unweighted,ri,0.5713131759370491,0.019614172323444843,0.7898083433582898,42.842316999005526,5
latent_unweighted,sag,0.2661695437305366,0.07109584445823554,0.5831573061346192,0.03879009745071183,5
latent_unweighted,tau,0.6242440880933732,0.0977217545887597,0.8511290212811433,3.768107719583017,5
latent_unweighted,threshold_i_long_square,0.6690787794093911,0.022095765856949265,0.7934780402449334,37.03985916952656,5
latent_unweighted,threshold_i_ramp,0.5535512556965572,0.0339990732789617,0.747129643875965,50.98964659473022,5
latent_unweighted,threshold_i_short_square,0.3447739091479898,0.029757991138349257,0.6247145632088229,117.16781874951796,5
latent_unweighted,threshold_v_long_square,0.12163995974632558,0.039938092516479416,0.41039607235201314,4.521158915954109,5
latent_unweighted,threshold_v_ramp,0.0553805843319304,0.06333517723277154,0.32687657507548007,5.74736301732675,5
latent_unweighted,threshold_v_short_square,0.08290568135162317,0.03681245827703733,0.3687837327172935,5.1291318087607225,5
latent_unweighted,trough_v_long_square,0.2227678575627685,0.04295623029877896,0.521996719494348,4.511349330731088,5
latent_unweighted,upstroke_downstroke_ratio_long_square,0.7874089294215014,0.024339770499066573,0.913831043959029,0.2955624517215079,5
latent_unweighted,vrest,0.07306855434564954,0.049772696602008754,0.29402236361518747,4.800206349546999,5
