bootstrap,top50_jaccard,top100_jaccard,top500_jaccard
1,0.8181818181818182,0.8691588785046729,0.8975332068311196
2,0.7241379310344828,0.7391304347826086,0.9230769230769231
3,0.6949152542372882,0.7391304347826086,0.8761726078799249
4,0.8867924528301887,0.9230769230769231,0.941747572815534
5,0.9607843137254902,0.941747572815534,0.9455252918287937
6,0.8181818181818182,0.8348623853211009,0.8691588785046729
7,0.7857142857142857,0.8181818181818182,0.8832391713747646
8,0.6666666666666666,0.7857142857142857,0.8796992481203008
9,0.9230769230769231,0.941747572815534,0.9342359767891683
10,0.9607843137254902,0.9230769230769231,0.9455252918287937
11,0.8518518518518519,0.9047619047619048,0.9193857965451055
12,0.8181818181818182,0.8691588785046729,0.9047619047619048
13,0.8181818181818182,0.8181818181818182,0.8691588785046729
14,0.9230769230769231,0.8867924528301887,0.9011406844106464
15,0.6666666666666666,0.7699115044247787,0.8621973929236499
16,0.7543859649122807,0.7699115044247787,0.9047619047619048
17,0.7857142857142857,0.8867924528301887,0.8903591682419659
18,0.639344262295082,0.7543859649122807,0.8656716417910447
19,0.8518518518518519,0.9047619047619048,0.941747572815534
20,0.8181818181818182,0.8691588785046729,0.9011406844106464
21,0.9230769230769231,0.9047619047619048,0.9342359767891683
22,0.8518518518518519,0.9047619047619048,0.9047619047619048
23,0.7857142857142857,0.8518518518518519,0.8903591682419659
24,1.0,0.9607843137254902,0.9646365422396856
25,0.6949152542372882,0.7699115044247787,0.8867924528301887
26,0.8518518518518519,0.8867924528301887,0.8903591682419659
27,0.8181818181818182,0.8867924528301887,0.8726591760299626
28,0.639344262295082,0.7094017094017094,0.8484288354898336
29,0.8181818181818182,0.9047619047619048,0.8867924528301887
30,0.7857142857142857,0.8691588785046729,0.8975332068311196
31,0.8867924528301887,0.9230769230769231,0.937984496124031
32,0.9607843137254902,0.941747572815534,0.937984496124031
33,0.8867924528301887,0.9047619047619048,0.9455252918287937
34,0.6129032258064516,0.7241379310344828,0.8621973929236499
35,0.7241379310344828,0.7543859649122807,0.9011406844106464
36,0.8518518518518519,0.9230769230769231,0.949317738791423
37,0.8518518518518519,0.941747572815534,0.9230769230769231
38,0.639344262295082,0.8181818181818182,0.8656716417910447
39,0.9230769230769231,0.9230769230769231,0.9193857965451055
40,0.639344262295082,0.7857142857142857,0.8691588785046729
41,0.8181818181818182,0.8867924528301887,0.9157088122605364
42,0.8518518518518519,0.8867924528301887,0.9047619047619048
43,0.8867924528301887,0.9230769230769231,0.9193857965451055
44,0.7241379310344828,0.8018018018018018,0.9342359767891683
45,0.9607843137254902,0.941747572815534,0.9305019305019305
46,0.8181818181818182,0.8867924528301887,0.9011406844106464
47,0.6949152542372882,0.7699115044247787,0.8975332068311196
48,0.6949152542372882,0.7699115044247787,0.9120458891013384
49,0.8518518518518519,0.9047619047619048,0.9047619047619048
50,0.7241379310344828,0.8018018018018018,0.9455252918287937
51,0.9607843137254902,0.9230769230769231,0.9455252918287937
52,0.7857142857142857,0.8181818181818182,0.8587360594795539
53,0.7543859649122807,0.7857142857142857,0.9305019305019305
54,0.7543859649122807,0.7699115044247787,0.9120458891013384
55,0.8181818181818182,0.8691588785046729,0.8867924528301887
56,0.7543859649122807,0.8518518518518519,0.8903591682419659
57,0.8518518518518519,0.8867924528301887,0.9047619047619048
58,0.9230769230769231,0.8867924528301887,0.9157088122605364
59,0.6949152542372882,0.7857142857142857,0.8726591760299626
60,0.7241379310344828,0.7857142857142857,0.9230769230769231
61,0.8181818181818182,0.8691588785046729,0.8903591682419659
62,0.8867924528301887,0.8867924528301887,0.9120458891013384
63,0.6666666666666666,0.7857142857142857,0.8761726078799249
64,0.9607843137254902,0.9607843137254902,0.9762845849802372
65,0.9607843137254902,0.9230769230769231,0.941747572815534
66,0.7857142857142857,0.8518518518518519,0.8726591760299626
67,0.8181818181818182,0.9047619047619048,0.9193857965451055
68,0.7241379310344828,0.7699115044247787,0.8975332068311196
69,0.8518518518518519,0.8691588785046729,0.9267822736030829
70,0.8181818181818182,0.8691588785046729,0.9011406844106464
71,0.6666666666666666,0.7543859649122807,0.8691588785046729
72,0.6949152542372882,0.7699115044247787,0.9193857965451055
73,0.8518518518518519,0.9047619047619048,0.9193857965451055
74,0.6129032258064516,0.7699115044247787,0.8832391713747646
75,0.9607843137254902,0.9230769230769231,0.953125
76,0.7857142857142857,0.8348623853211009,0.8796992481203008
77,0.9607843137254902,0.9230769230769231,0.9342359767891683
78,0.8518518518518519,0.8867924528301887,0.9011406844106464
79,0.8867924528301887,0.9047619047619048,0.9305019305019305
80,0.8867924528301887,0.9230769230769231,0.9267822736030829
81,0.8518518518518519,0.8867924528301887,0.9047619047619048
82,0.9607843137254902,0.941747572815534,0.9569471624266145
83,0.6949152542372882,0.7391304347826086,0.9157088122605364
84,0.8518518518518519,0.9047619047619048,0.9047619047619048
85,0.6949152542372882,0.7699115044247787,0.9083969465648855
86,0.8867924528301887,0.9230769230769231,0.937984496124031
87,0.7241379310344828,0.7857142857142857,0.937984496124031
88,0.8867924528301887,0.8867924528301887,0.9267822736030829
89,0.7543859649122807,0.8518518518518519,0.8939393939393939
90,0.7241379310344828,0.7699115044247787,0.9305019305019305
91,0.6129032258064516,0.6666666666666666,0.8181818181818182
92,0.9230769230769231,0.941747572815534,0.9455252918287937
93,0.7241379310344828,0.7699115044247787,0.9047619047619048
94,0.8518518518518519,0.8867924528301887,0.9157088122605364
95,0.6949152542372882,0.7857142857142857,0.937984496124031
96,0.9607843137254902,0.9230769230769231,0.941747572815534
97,0.639344262295082,0.7857142857142857,0.8761726078799249
98,0.8867924528301887,0.8691588785046729,0.9267822736030829
99,0.6666666666666666,0.7391304347826086,0.8518518518518519
100,0.7857142857142857,0.8518518518518519,0.9047619047619048
101,0.8518518518518519,0.8867924528301887,0.8939393939393939
102,0.6949152542372882,0.7391304347826086,0.8975332068311196
103,0.7543859649122807,0.7543859649122807,0.9193857965451055
104,0.7857142857142857,0.8181818181818182,0.8726591760299626
105,0.8867924528301887,0.8867924528301887,0.9120458891013384
106,0.7241379310344828,0.7857142857142857,0.9230769230769231
107,0.9230769230769231,0.941747572815534,0.941747572815534
108,0.8867924528301887,0.8867924528301887,0.9193857965451055
109,0.8867924528301887,0.8867924528301887,0.937984496124031
110,0.8867924528301887,0.941747572815534,0.9305019305019305
111,0.6949152542372882,0.7391304347826086,0.8832391713747646
112,0.8518518518518519,0.8518518518518519,0.8975332068311196
113,0.7543859649122807,0.7699115044247787,0.9267822736030829
114,0.639344262295082,0.7699115044247787,0.8726591760299626
115,0.7857142857142857,0.8518518518518519,0.8867924528301887
116,0.7543859649122807,0.8018018018018018,0.941747572815534
117,0.8867924528301887,0.9047619047619048,0.9047619047619048
118,0.7241379310344828,0.8518518518518519,0.8726591760299626
119,0.639344262295082,0.7857142857142857,0.8903591682419659
120,0.7241379310344828,0.7543859649122807,0.9083969465648855
121,0.6949152542372882,0.7857142857142857,0.9267822736030829
122,0.8867924528301887,0.8867924528301887,0.9267822736030829
123,0.9230769230769231,0.9230769230769231,0.9193857965451055
124,0.9607843137254902,0.9047619047619048,0.9342359767891683
125,0.6949152542372882,0.7241379310344828,0.8975332068311196
126,0.8181818181818182,0.8518518518518519,0.8975332068311196
127,0.8518518518518519,0.9047619047619048,0.9193857965451055
128,0.6949152542372882,0.7543859649122807,0.9157088122605364
129,0.6666666666666666,0.7543859649122807,0.8761726078799249
130,0.8181818181818182,0.8691588785046729,0.9011406844106464
131,0.9230769230769231,0.9230769230769231,0.9011406844106464
132,0.9230769230769231,0.8867924528301887,0.9267822736030829
133,0.6129032258064516,0.8018018018018018,0.8939393939393939
134,0.8181818181818182,0.8867924528301887,0.8903591682419659
135,0.7241379310344828,0.7699115044247787,0.9193857965451055
136,0.7543859649122807,0.8018018018018018,0.9230769230769231
137,0.9607843137254902,0.9230769230769231,0.941747572815534
138,0.639344262295082,0.7699115044247787,0.8832391713747646
139,0.8518518518518519,0.9230769230769231,0.9047619047619048
140,0.8518518518518519,0.9047619047619048,0.9011406844106464
141,0.8867924528301887,0.941747572815534,0.9157088122605364
142,0.8181818181818182,0.8018018018018018,0.8726591760299626
143,0.8867924528301887,0.9230769230769231,0.949317738791423
144,0.8181818181818182,0.8348623853211009,0.8903591682419659
145,0.7241379310344828,0.7391304347826086,0.9193857965451055
146,0.8181818181818182,0.9047619047619048,0.9157088122605364
147,0.6666666666666666,0.7857142857142857,0.8867924528301887
148,0.8518518518518519,0.9230769230769231,0.9193857965451055
149,0.8181818181818182,0.8691588785046729,0.9047619047619048
150,0.6949152542372882,0.7543859649122807,0.9120458891013384
151,0.9230769230769231,0.8867924528301887,0.9011406844106464
152,0.9607843137254902,0.9047619047619048,0.949317738791423
153,0.639344262295082,0.8018018018018018,0.8656716417910447
154,0.7543859649122807,0.8018018018018018,0.9305019305019305
155,0.7241379310344828,0.7857142857142857,0.941747572815534
156,0.7857142857142857,0.8691588785046729,0.8656716417910447
157,0.8518518518518519,0.9047619047619048,0.9120458891013384
158,0.7241379310344828,0.7699115044247787,0.8939393939393939
159,0.7857142857142857,0.8691588785046729,0.9011406844106464
160,0.7543859649122807,0.8181818181818182,0.9305019305019305
161,0.7543859649122807,0.7699115044247787,0.9157088122605364
162,0.8867924528301887,0.9230769230769231,0.9342359767891683
163,0.7241379310344828,0.7857142857142857,0.9342359767891683
164,0.6949152542372882,0.7699115044247787,0.9230769230769231
165,0.8518518518518519,0.8867924528301887,0.8975332068311196
166,0.8867924528301887,0.8867924528301887,0.9305019305019305
167,0.8518518518518519,0.9047619047619048,0.9120458891013384
168,0.8867924528301887,0.8867924528301887,0.941747572815534
169,0.9607843137254902,0.9047619047619048,0.9193857965451055
170,0.7857142857142857,0.8518518518518519,0.8761726078799249
171,0.8867924528301887,0.9230769230769231,0.941747572815534
172,0.7543859649122807,0.8018018018018018,0.9267822736030829
173,0.7241379310344828,0.7857142857142857,0.9193857965451055
174,0.7241379310344828,0.8018018018018018,0.9157088122605364
175,0.8867924528301887,0.9047619047619048,0.9230769230769231
176,0.8867924528301887,0.9047619047619048,0.9267822736030829
177,0.9607843137254902,0.9230769230769231,0.9305019305019305
178,0.6666666666666666,0.7699115044247787,0.8691588785046729
179,0.9607843137254902,0.9607843137254902,0.968503937007874
180,0.7543859649122807,0.7857142857142857,0.9157088122605364
181,0.8867924528301887,0.9047619047619048,0.9305019305019305
182,0.6949152542372882,0.7543859649122807,0.9083969465648855
183,1.0,0.9230769230769231,0.9607843137254902
184,0.8518518518518519,0.8691588785046729,0.9193857965451055
185,0.7857142857142857,0.8348623853211009,0.8761726078799249
186,0.8518518518518519,0.8691588785046729,0.9083969465648855
187,0.639344262295082,0.7857142857142857,0.8552875695732839
188,0.7241379310344828,0.7857142857142857,0.9267822736030829
189,0.6129032258064516,0.7543859649122807,0.8691588785046729
190,0.6949152542372882,0.7543859649122807,0.8975332068311196
191,0.9607843137254902,0.9047619047619048,0.9193857965451055
192,0.7857142857142857,0.8691588785046729,0.8975332068311196
193,0.8181818181818182,0.8691588785046729,0.8796992481203008
194,0.7543859649122807,0.7699115044247787,0.9230769230769231
195,0.7857142857142857,0.8691588785046729,0.8796992481203008
196,0.639344262295082,0.7543859649122807,0.8691588785046729
197,0.7857142857142857,0.8691588785046729,0.8975332068311196
198,0.8181818181818182,0.8518518518518519,0.8832391713747646
199,0.8181818181818182,0.8348623853211009,0.8939393939393939
200,0.8518518518518519,0.9230769230769231,0.9047619047619048
201,0.8867924528301887,0.8867924528301887,0.9305019305019305
202,0.6949152542372882,0.7699115044247787,0.9120458891013384
203,0.9230769230769231,0.941747572815534,0.941747572815534
204,0.9607843137254902,0.9230769230769231,0.9455252918287937
205,0.7857142857142857,0.8018018018018018,0.8656716417910447
206,0.8181818181818182,0.8691588785046729,0.8939393939393939
207,0.7241379310344828,0.7699115044247787,0.8832391713747646
208,0.7543859649122807,0.8018018018018018,0.9083969465648855
209,0.9230769230769231,0.9230769230769231,0.9230769230769231
210,1.0,0.9607843137254902,0.9723865877712031
211,0.9607843137254902,0.9607843137254902,0.949317738791423
212,1.0,0.9047619047619048,0.9455252918287937
213,0.6666666666666666,0.680672268907563,0.8587360594795539
214,0.9607843137254902,0.9230769230769231,0.9230769230769231
215,0.8181818181818182,0.8691588785046729,0.9047619047619048
216,0.7241379310344828,0.8018018018018018,0.937984496124031
217,0.8518518518518519,0.8518518518518519,0.9083969465648855
218,0.7241379310344828,0.7241379310344828,0.8867924528301887
219,0.8867924528301887,0.8691588785046729,0.8939393939393939
220,0.6666666666666666,0.7699115044247787,0.8726591760299626
221,0.7241379310344828,0.7543859649122807,0.9267822736030829
222,0.8181818181818182,0.8867924528301887,0.8939393939393939
223,0.8518518518518519,0.8867924528301887,0.9011406844106464
224,0.8518518518518519,0.8518518518518519,0.9011406844106464
225,0.7241379310344828,0.7543859649122807,0.9230769230769231
226,0.9607843137254902,0.9230769230769231,0.937984496124031
227,0.9230769230769231,0.941747572815534,0.9455252918287937
228,0.7241379310344828,0.7699115044247787,0.9047619047619048
229,0.9230769230769231,0.9047619047619048,0.9193857965451055
230,0.9607843137254902,0.9230769230769231,0.9230769230769231
231,0.6129032258064516,0.7857142857142857,0.8975332068311196
232,0.8518518518518519,0.8867924528301887,0.8975332068311196
233,1.0,0.941747572815534,0.968503937007874
234,0.8867924528301887,0.9230769230769231,0.937984496124031
235,0.639344262295082,0.7857142857142857,0.8903591682419659
236,0.8867924528301887,0.9047619047619048,0.941747572815534
237,0.9607843137254902,0.8691588785046729,0.9193857965451055
238,0.8518518518518519,0.9047619047619048,0.9230769230769231
239,0.8867924528301887,0.9230769230769231,0.941747572815534
240,0.9607843137254902,0.941747572815534,0.9723865877712031
241,0.7543859649122807,0.7391304347826086,0.8903591682419659
242,0.9607843137254902,0.9607843137254902,0.9607843137254902
243,0.8867924528301887,0.8691588785046729,0.9083969465648855
244,0.9230769230769231,0.941747572815534,0.9230769230769231
245,0.9607843137254902,0.941747572815534,0.953125
246,0.8518518518518519,0.8867924528301887,0.9120458891013384
247,0.8867924528301887,0.9607843137254902,0.941747572815534
248,0.9607843137254902,0.9047619047619048,0.941747572815534
249,0.8518518518518519,0.8867924528301887,0.8975332068311196
250,0.8518518518518519,0.9047619047619048,0.9157088122605364
251,0.9607843137254902,0.941747572815534,0.9157088122605364
252,0.7241379310344828,0.7857142857142857,0.9230769230769231
253,0.9607843137254902,0.9801980198019802,0.9762845849802372
254,0.9230769230769231,0.941747572815534,0.937984496124031
255,0.7241379310344828,0.7543859649122807,0.9120458891013384
256,0.9607843137254902,0.9230769230769231,0.937984496124031
257,0.9230769230769231,0.941747572815534,0.937984496124031
258,0.7543859649122807,0.7857142857142857,0.9193857965451055
259,0.9607843137254902,0.9230769230769231,0.9230769230769231
260,0.9230769230769231,0.9230769230769231,0.9157088122605364
261,0.8181818181818182,0.9047619047619048,0.9011406844106464
262,0.8867924528301887,0.9047619047619048,0.9305019305019305
263,0.6949152542372882,0.7857142857142857,0.8832391713747646
264,0.9230769230769231,0.9607843137254902,0.9455252918287937
265,0.6949152542372882,0.7857142857142857,0.8939393939393939
266,0.6949152542372882,0.7699115044247787,0.9267822736030829
267,0.8518518518518519,0.8867924528301887,0.9047619047619048
268,0.7857142857142857,0.8518518518518519,0.9047619047619048
269,0.8867924528301887,0.8691588785046729,0.9230769230769231
270,0.8867924528301887,0.8691588785046729,0.9230769230769231
271,0.7543859649122807,0.8018018018018018,0.9305019305019305
272,0.8867924528301887,0.8691588785046729,0.9230769230769231
273,0.8518518518518519,0.9230769230769231,0.9305019305019305
274,0.8181818181818182,0.9047619047619048,0.9120458891013384
275,1.0,0.941747572815534,0.9762845849802372
276,0.8181818181818182,0.8867924528301887,0.9193857965451055
277,0.8518518518518519,0.8691588785046729,0.9047619047619048
278,0.9607843137254902,0.9230769230769231,0.9342359767891683
279,0.8181818181818182,0.8348623853211009,0.8761726078799249
280,0.8181818181818182,0.8867924528301887,0.9305019305019305
281,0.6949152542372882,0.7543859649122807,0.9120458891013384
282,0.8518518518518519,0.9230769230769231,0.949317738791423
283,0.7857142857142857,0.8691588785046729,0.8867924528301887
284,0.8181818181818182,0.8181818181818182,0.8656716417910447
285,0.8181818181818182,0.8867924528301887,0.9083969465648855
286,0.8181818181818182,0.8518518518518519,0.8867924528301887
287,0.8518518518518519,0.8691588785046729,0.9193857965451055
288,0.8867924528301887,0.9047619047619048,0.937984496124031
289,0.8867924528301887,0.9047619047619048,0.8975332068311196
290,0.6949152542372882,0.7699115044247787,0.9157088122605364
291,0.7543859649122807,0.7391304347826086,0.9157088122605364
292,1.0,0.941747572815534,0.9569471624266145
293,0.7543859649122807,0.7699115044247787,0.9267822736030829
294,0.9230769230769231,0.8867924528301887,0.9193857965451055
295,0.5873015873015873,0.7543859649122807,0.8656716417910447
296,0.8867924528301887,0.8691588785046729,0.8832391713747646
297,0.9607843137254902,0.9047619047619048,0.9305019305019305
298,0.8518518518518519,0.8348623853211009,0.8726591760299626
299,0.8867924528301887,0.8691588785046729,0.8975332068311196
300,0.9607843137254902,0.9230769230769231,0.9157088122605364
