w_bioelectric,w_cancer,w_synergy,rank_spearman,top50_jaccard,top100_jaccard,top500_jaccard
0.2,0.45,0.35,0.9660394724107331,0.7241379310344828,0.7094017094017094,0.7953321364452424
0.2,0.5,0.3,0.9561971358999524,0.6949152542372882,0.6949152542372882,0.7667844522968198
0.2,0.55,0.25,0.9449273328305587,0.639344262295082,0.6666666666666666,0.7543859649122807
0.2,0.6,0.2,0.9325917019551394,0.6129032258064516,0.639344262295082,0.733102253032929
0.2,0.65,0.15,0.9189713941451144,0.5873015873015873,0.6129032258064516,0.7035775127768313
0.2,0.7,0.1,0.9045873422540031,0.5625,0.5748031496062992,0.680672268907563
0.25,0.35,0.4,0.9878633705013093,0.8181818181818182,0.8348623853211009,0.8726591760299626
0.25,0.4,0.35,0.9819121704371891,0.8181818181818182,0.7857142857142857,0.8484288354898336
0.25,0.45,0.3,0.9745554528852304,0.7543859649122807,0.7241379310344828,0.8115942028985508
0.25,0.5,0.25,0.9655480109965726,0.7241379310344828,0.7094017094017094,0.7857142857142857
0.25,0.55,0.2,0.9553011676499514,0.6949152542372882,0.6949152542372882,0.763668430335097
0.25,0.6,0.15,0.9436107535190159,0.639344262295082,0.6666666666666666,0.7482517482517482
0.25,0.65,0.1,0.9307721775509481,0.6129032258064516,0.639344262295082,0.7211703958691911
0.25,0.7,0.05,0.9167819846359211,0.5873015873015873,0.6,0.6949152542372882
0.3,0.3,0.4,0.9961289997215134,0.8867924528301887,0.9047619047619048,0.9342359767891683
0.3,0.35,0.35,0.9929643781061002,0.8518518518518519,0.8867924528301887,0.8975332068311196
0.3,0.4,0.3,0.9883613359978527,0.8181818181818182,0.8348623853211009,0.8726591760299626
0.3,0.45,0.25,0.9819670813734339,0.8181818181818182,0.7857142857142857,0.8348623853211009
0.3,0.5,0.2,0.974172812715501,0.7543859649122807,0.7241379310344828,0.8083182640144665
0.3,0.55,0.15,0.9647339470962175,0.7241379310344828,0.7094017094017094,0.7793594306049823
0.3,0.6,0.1,0.9539314432163852,0.6949152542372882,0.680672268907563,0.7605633802816901
0.3,0.65,0.05,0.9418743577623311,0.639344262295082,0.6666666666666666,0.733102253032929
0.35,0.25,0.4,0.9991476767915096,0.9607843137254902,1.0,0.968503937007874
0.35,0.3,0.35,0.9987131864301861,0.9607843137254902,0.941747572815534,0.953125
0.35,0.35,0.3,0.9968448254906723,0.8867924528301887,0.9047619047619048,0.9305019305019305
0.35,0.4,0.25,0.9934027179424268,0.8181818181818182,0.8867924528301887,0.8975332068311196
0.35,0.45,0.2,0.9883635550377246,0.8181818181818182,0.8348623853211009,0.8656716417910447
0.35,0.5,0.15,0.9815161924840389,0.8181818181818182,0.7857142857142857,0.8248175182481752
0.35,0.55,0.1,0.9732552662157118,0.7543859649122807,0.7241379310344828,0.7985611510791367
0.35,0.6,0.05,0.9633356576745931,0.7241379310344828,0.7094017094017094,0.7761989342806395
0.4,0.25,0.35,0.9989574927137943,0.9607843137254902,0.9607843137254902,0.9723865877712031
0.4,0.3,0.3,0.9997687254253472,1.0,1.0,0.9801980198019802
0.4,0.35,0.25,0.9991706912368649,0.9607843137254902,0.941747572815534,0.9646365422396856
0.4,0.4,0.2,0.9971026579112181,0.8867924528301887,0.9047619047619048,0.9267822736030829
0.4,0.45,0.15,0.9933930000781606,0.8181818181818182,0.8867924528301887,0.8939393939393939
0.4,0.5,0.1,0.9879820214449072,0.8181818181818182,0.8348623853211009,0.8587360594795539
0.4,0.55,0.05,0.9807123761922166,0.8181818181818182,0.7857142857142857,0.8281535648994516
0.45,0.2,0.35,0.9940672291503059,0.8518518518518519,0.9047619047619048,0.9120458891013384
0.45,0.25,0.3,0.9972665078128419,0.8518518518518519,0.9230769230769231,0.937984496124031
0.45,0.3,0.25,0.9992664395700084,0.9607843137254902,0.9607843137254902,0.9723865877712031
0.45,0.35,0.2,0.9999999999999999,1.0,1.0,1.0
0.45,0.4,0.15,0.9992317589786958,0.9607843137254902,0.941747572815534,0.9646365422396856
0.45,0.45,0.1,0.9969367008046232,0.9230769230769231,0.9047619047619048,0.9305019305019305
0.45,0.5,0.05,0.992913051772725,0.8181818181818182,0.8691588785046729,0.8939393939393939
0.5,0.2,0.3,0.9898246485851644,0.8181818181818182,0.8867924528301887,0.8796992481203008
0.5,0.25,0.25,0.9940745572793255,0.8518518518518519,0.9047619047619048,0.9011406844106464
0.5,0.3,0.2,0.9972472780959687,0.8518518518518519,0.9047619047619048,0.9267822736030829
0.5,0.35,0.15,0.999165611577954,0.9230769230769231,0.9607843137254902,0.9646365422396856
0.5,0.4,0.1,0.9997488070409274,1.0,0.9801980198019802,0.9880715705765407
0.5,0.45,0.05,0.9988405546099913,0.9607843137254902,0.941747572815534,0.968503937007874
0.55,0.2,0.25,0.9841428470247415,0.7543859649122807,0.8348623853211009,0.8416206261510129
0.55,0.25,0.2,0.989465069949169,0.8181818181818182,0.8867924528301887,0.8691588785046729
0.55,0.3,0.15,0.9936327976494563,0.8518518518518519,0.9047619047619048,0.8975332068311196
0.55,0.35,0.1,0.9967197175530708,0.8518518518518519,0.9047619047619048,0.9157088122605364
0.55,0.4,0.05,0.9985995327408353,0.9230769230769231,0.9607843137254902,0.949317738791423
0.6,0.2,0.2,0.9772074880623454,0.7543859649122807,0.8018018018018018,0.8214936247723132
0.6,0.25,0.15,0.9833623630248342,0.7543859649122807,0.8348623853211009,0.8348623853211009
0.6,0.3,0.1,0.98861533071549,0.8181818181818182,0.8867924528301887,0.8552875695732839
0.6,0.35,0.05,0.9927948775989671,0.8518518518518519,0.9047619047619048,0.8903591682419659
0.65,0.2,0.15,0.9690075177009484,0.6949152542372882,0.7543859649122807,0.7985611510791367
0.65,0.25,0.1,0.976047524700165,0.7543859649122807,0.8018018018018018,0.8115942028985508
0.65,0.3,0.05,0.9821236149181328,0.7543859649122807,0.8348623853211009,0.8281535648994516
0.7,0.2,0.1,0.9599361474514205,0.6666666666666666,0.6666666666666666,0.7761989342806395
0.7,0.25,0.05,0.9674116572121146,0.6949152542372882,0.7391304347826086,0.7889087656529516
