trait,r2,mae,spearman,fold,model,n_genes,n_train,n_test,n_groups_train,n_groups_test
vrest,0.15263556760256103,4.688813049738037,0.37888264816630174,1,latent_unweighted,500,2923,731,749,187
ri,0.5866209558526236,41.85486119728297,0.803802711907205,1,latent_unweighted,500,2923,731,749,187
sag,0.20650641934422853,0.039479346470791224,0.5930720094324582,1,latent_unweighted,500,2923,731,749,187
tau,0.6864895507156269,3.6518061696327924,0.8411992038445009,1,latent_unweighted,500,2923,731,749,187
f_i_curve_slope,0.46491579057146104,0.14481880869250455,0.584508535232311,1,latent_unweighted,500,2923,731,749,187
adaptation,0.14165323118806494,0.07543141572990518,0.5994112393833388,1,latent_unweighted,500,2923,731,749,187
latency,0.061023745873961754,0.012729686133665858,0.608385417807239,1,latent_unweighted,500,2923,731,749,187
avg_isi,0.25026068515209177,24.87627225713528,0.6322519212846556,1,latent_unweighted,500,2923,731,749,187
upstroke_downstroke_ratio_long_square,0.7830925204005392,0.30345146942584716,0.9025848326786257,1,latent_unweighted,500,2923,731,749,187
peak_v_long_square,0.1589880181900628,7.517897129514529,0.44175286213494946,1,latent_unweighted,500,2923,731,749,187
trough_v_long_square,0.2821135027661017,4.209614497114021,0.5969620801086826,1,latent_unweighted,500,2923,731,749,187
fast_trough_v_long_square,0.3585422851219836,4.296365261139256,0.6605236959441126,1,latent_unweighted,500,2923,731,749,187
threshold_v_long_square,0.14578418195650034,4.3894412425162805,0.4160095202127952,1,latent_unweighted,500,2923,731,749,187
threshold_i_long_square,0.6762326188914807,37.213021246613195,0.7900717155471214,1,latent_unweighted,500,2923,731,749,187
threshold_v_short_square,0.10599366402683441,4.925168394383167,0.3875603568065168,1,latent_unweighted,500,2923,731,749,187
threshold_i_short_square,0.3535227656873008,116.27036298671808,0.6238418415793782,1,latent_unweighted,500,2923,731,749,187
threshold_v_ramp,0.14310505287259423,5.368312494393445,0.3937397259181122,1,latent_unweighted,500,2923,731,749,187
threshold_i_ramp,0.5938096237735708,50.26909229502705,0.7586712817541865,1,latent_unweighted,500,2923,731,749,187
vrest,0.15485981335931365,4.681995211323805,0.3799201141086582,1,latent_bioelectric_prior,500,2923,731,749,187
ri,0.5862193636587907,41.874966683938915,0.8044086300394122,1,latent_bioelectric_prior,500,2923,731,749,187
sag,0.20694181004741108,0.03929960490579747,0.598206161756949,1,latent_bioelectric_prior,500,2923,731,749,187
tau,0.6864486560544323,3.654537664721166,0.8411510339177112,1,latent_bioelectric_prior,500,2923,731,749,187
f_i_curve_slope,0.4685649008469085,0.14419603915510662,0.5876566459695728,1,latent_bioelectric_prior,500,2923,731,749,187
adaptation,0.14554601836332937,0.07526889490003466,0.6020887561621717,1,latent_bioelectric_prior,500,2923,731,749,187
latency,0.06196490245857522,0.012762648110074666,0.6081988974533454,1,latent_bioelectric_prior,500,2923,731,749,187
avg_isi,0.25370291098301334,24.82192361988009,0.6345133426896555,1,latent_bioelectric_prior,500,2923,731,749,187
upstroke_downstroke_ratio_long_square,0.7830925306351167,0.3033222358982285,0.9026264898347015,1,latent_bioelectric_prior,500,2923,731,749,187
peak_v_long_square,0.15953889917022646,7.5052847122865645,0.44240123666579173,1,latent_bioelectric_prior,500,2923,731,749,187
trough_v_long_square,0.28623899038973066,4.19647295044374,0.5994526346580537,1,latent_bioelectric_prior,500,2923,731,749,187
fast_trough_v_long_square,0.36222458024363735,4.282013764136589,0.6629098160712085,1,latent_bioelectric_prior,500,2923,731,749,187
threshold_v_long_square,0.14875993527064213,4.380664804305701,0.4162615525750841,1,latent_bioelectric_prior,500,2923,731,749,187
threshold_i_long_square,0.678982464570515,37.007956564156295,0.7916163498663586,1,latent_bioelectric_prior,500,2923,731,749,187
threshold_v_short_square,0.10749608230000784,4.916331533053043,0.389842161743837,1,latent_bioelectric_prior,500,2923,731,749,187
threshold_i_short_square,0.3526730696472835,116.3927785716695,0.6242677895574185,1,latent_bioelectric_prior,500,2923,731,749,187
threshold_v_ramp,0.14551065645616945,5.36752376730233,0.3944901079694381,1,latent_bioelectric_prior,500,2923,731,749,187
threshold_i_ramp,0.5955270242770243,50.10551336827033,0.7586581794085003,1,latent_bioelectric_prior,500,2923,731,749,187
vrest,0.15263556760256103,4.688813049738037,0.37888264816630174,1,latent_cancer_prior,500,2923,731,749,187
ri,0.5866209558526235,41.85486119728298,0.803802711907205,1,latent_cancer_prior,500,2923,731,749,187
sag,0.20650641934422864,0.039479346470791224,0.5930720094324582,1,latent_cancer_prior,500,2923,731,749,187
tau,0.686489550715627,3.6518061696327924,0.8411992038445009,1,latent_cancer_prior,500,2923,731,749,187
f_i_curve_slope,0.46491579057146126,0.14481880869250452,0.584508535232311,1,latent_cancer_prior,500,2923,731,749,187
adaptation,0.14165323118806483,0.0754314157299052,0.5994112393833388,1,latent_cancer_prior,500,2923,731,749,187
latency,0.06102374587396209,0.012729686133665864,0.608385417807239,1,latent_cancer_prior,500,2923,731,749,187
avg_isi,0.25026068515209166,24.87627225713528,0.6322519212846556,1,latent_cancer_prior,500,2923,731,749,187
upstroke_downstroke_ratio_long_square,0.7830925204005391,0.3034514694258472,0.9025848326786257,1,latent_cancer_prior,500,2923,731,749,187
peak_v_long_square,0.1589880181900628,7.5178971295145285,0.44175286213494946,1,latent_cancer_prior,500,2923,731,749,187
trough_v_long_square,0.2821135027661018,4.20961449711402,0.5969620801086826,1,latent_cancer_prior,500,2923,731,749,187
fast_trough_v_long_square,0.35854228512198383,4.296365261139256,0.6605236959441126,1,latent_cancer_prior,500,2923,731,749,187
threshold_v_long_square,0.14578418195650056,4.38944124251628,0.4160095202127952,1,latent_cancer_prior,500,2923,731,749,187
threshold_i_long_square,0.6762326188914805,37.2130212466132,0.7900717155471214,1,latent_cancer_prior,500,2923,731,749,187
threshold_v_short_square,0.10599366402683486,4.9251683943831654,0.3875603568065168,1,latent_cancer_prior,500,2923,731,749,187
threshold_i_short_square,0.3535227656873007,116.27036298671808,0.6238418415793782,1,latent_cancer_prior,500,2923,731,749,187
threshold_v_ramp,0.14310505287259423,5.368312494393444,0.3937397259181122,1,latent_cancer_prior,500,2923,731,749,187
threshold_i_ramp,0.5938096237735705,50.269092295027065,0.7586712817541865,1,latent_cancer_prior,500,2923,731,749,187
vrest,0.15433248146185452,4.683528602600663,0.3799900342319831,1,latent_cbef_prior,500,2923,731,749,187
ri,0.5863723753198169,41.8658386015688,0.8040507962673155,1,latent_cbef_prior,500,2923,731,749,187
sag,0.2068804595325613,0.039339293609996315,0.5969662776719794,1,latent_cbef_prior,500,2923,731,749,187
tau,0.6864974328680262,3.6538376212652217,0.8410548476672147,1,latent_cbef_prior,500,2923,731,749,187
f_i_curve_slope,0.46774593810910026,0.1443450522393449,0.5868346390210604,1,latent_cbef_prior,500,2923,731,749,187
adaptation,0.1445070815949141,0.07530575116976541,0.6014278635377923,1,latent_cbef_prior,500,2923,731,749,187
latency,0.06167639516420276,0.01275295220545968,0.6084339103343938,1,latent_cbef_prior,500,2923,731,749,187
avg_isi,0.25296974778527836,24.83253675114611,0.633607499222058,1,latent_cbef_prior,500,2923,731,749,187
upstroke_downstroke_ratio_long_square,0.7830577342003407,0.3033640857544424,0.9026248002007901,1,latent_cbef_prior,500,2923,731,749,187
peak_v_long_square,0.15933008231373225,7.508275759371585,0.4422863261006492,1,latent_cbef_prior,500,2923,731,749,187
trough_v_long_square,0.2854666482420314,4.198548844642601,0.5988882961514119,1,latent_cbef_prior,500,2923,731,749,187
fast_trough_v_long_square,0.36148410024575117,4.284679392973811,0.6626774910425794,1,latent_cbef_prior,500,2923,731,749,187
threshold_v_long_square,0.14804700282711003,4.38268091738492,0.41624688345599675,1,latent_cbef_prior,500,2923,731,749,187
threshold_i_long_square,0.6782866998909973,37.0608936036904,0.7910731016162713,1,latent_cbef_prior,500,2923,731,749,187
threshold_v_short_square,0.10709157301681183,4.918010513190035,0.38924744121793925,1,latent_cbef_prior,500,2923,731,749,187
threshold_i_short_square,0.35285832106378867,116.37488396603733,0.6237145872204203,1,latent_cbef_prior,500,2923,731,749,187
threshold_v_ramp,0.14499333359060707,5.367258662645838,0.39424196209948054,1,latent_cbef_prior,500,2923,731,749,187
threshold_i_ramp,0.5950966920468974,50.14542066726632,0.7588372191990262,1,latent_cbef_prior,500,2923,731,749,187
vrest,0.028595518789559238,4.932794544218202,0.2677398504458944,2,latent_unweighted,500,2923,731,749,187
ri,0.586049873388371,44.02657021251328,0.7899187681585258,2,latent_unweighted,500,2923,731,749,187
sag,0.33785477534287645,0.03866789052012684,0.569383710638826,2,latent_unweighted,500,2923,731,749,187
tau,0.6783088455507469,3.834671292772355,0.8627703913468625,2,latent_unweighted,500,2923,731,749,187
f_i_curve_slope,0.5111713605095827,0.14796774586247244,0.5977061512365229,2,latent_unweighted,500,2923,731,749,187
adaptation,0.15375397636314114,0.07204773032238078,0.5722704962577682,2,latent_unweighted,500,2923,731,749,187
latency,0.2060366329547293,0.012138163573611341,0.5408866529725888,2,latent_unweighted,500,2923,731,749,187
avg_isi,0.25311256051008457,23.02999086315572,0.608216233574195,2,latent_unweighted,500,2923,731,749,187
upstroke_downstroke_ratio_long_square,0.7481478703510938,0.2998416716393104,0.9175244528427784,2,latent_unweighted,500,2923,731,749,187
peak_v_long_square,0.19096369760844112,8.096395996676282,0.47434615666403485,2,latent_unweighted,500,2923,731,749,187
trough_v_long_square,0.19825057280773928,4.7167024035723255,0.49429184147649935,2,latent_unweighted,500,2923,731,749,187
fast_trough_v_long_square,0.29420412261798035,4.761333462560972,0.5859873249362425,2,latent_unweighted,500,2923,731,749,187
threshold_v_long_square,0.07223804353167951,4.759064741974295,0.369985992459007,2,latent_unweighted,500,2923,731,749,187
threshold_i_long_square,0.6650452756953014,37.66776135661925,0.7938648228430307,2,latent_unweighted,500,2923,731,749,187
threshold_v_short_square,0.02971709033371084,5.415535783680409,0.3156729018524543,2,latent_unweighted,500,2923,731,749,187
threshold_i_short_square,0.3418450767227613,118.32556450943454,0.6223200159967927,2,latent_unweighted,500,2923,731,749,187
threshold_v_ramp,-0.014805301754831746,6.155440595457902,0.2812784667385625,2,latent_unweighted,500,2923,731,749,187
threshold_i_ramp,0.5327943702271791,55.022074059530084,0.7298849830532284,2,latent_unweighted,500,2923,731,749,187
vrest,0.031425061933183174,4.924181985179142,0.27136454527496945,2,latent_bioelectric_prior,500,2923,731,749,187
ri,0.5880708583662853,43.94035786243637,0.7914720025922064,2,latent_bioelectric_prior,500,2923,731,749,187
sag,0.33676015557548744,0.038733978046892756,0.5690944760337718,2,latent_bioelectric_prior,500,2923,731,749,187
tau,0.6808118434114112,3.81620218674084,0.8643889070311197,2,latent_bioelectric_prior,500,2923,731,749,187
f_i_curve_slope,0.5125606404660539,0.14776088285689218,0.5968877539292528,2,latent_bioelectric_prior,500,2923,731,749,187
adaptation,0.15523287646044615,0.07203613807056726,0.5730608762810112,2,latent_bioelectric_prior,500,2923,731,749,187
latency,0.20969478643797024,0.012065886031510367,0.5467431436524859,2,latent_bioelectric_prior,500,2923,731,749,187
avg_isi,0.25035668391402655,23.18691035560359,0.6033576758636845,2,latent_bioelectric_prior,500,2923,731,749,187
upstroke_downstroke_ratio_long_square,0.7485771000496784,0.29901209660608685,0.9184922751473591,2,latent_bioelectric_prior,500,2923,731,749,187
peak_v_long_square,0.18843241905652608,8.103177080916218,0.47225792110043335,2,latent_bioelectric_prior,500,2923,731,749,187
trough_v_long_square,0.2002775083182594,4.709102391408712,0.4950827600581359,2,latent_bioelectric_prior,500,2923,731,749,187
fast_trough_v_long_square,0.2961344951496543,4.751402422775156,0.5867762005338422,2,latent_bioelectric_prior,500,2923,731,749,187
threshold_v_long_square,0.07559174771578414,4.755073607988438,0.3725533171860644,2,latent_bioelectric_prior,500,2923,731,749,187
threshold_i_long_square,0.668941305505844,37.31760640285449,0.7961433207912882,2,latent_bioelectric_prior,500,2923,731,749,187
threshold_v_short_square,0.03396948017776702,5.403788930126292,0.32039788737344055,2,latent_bioelectric_prior,500,2923,731,749,187
threshold_i_short_square,0.3438288068627503,118.26730714543915,0.624607587053231,2,latent_bioelectric_prior,500,2923,731,749,187
threshold_v_ramp,-0.011700797843812394,6.151513729090705,0.2839916201202578,2,latent_bioelectric_prior,500,2923,731,749,187
threshold_i_ramp,0.5361851228965187,54.76271306727945,0.7325953870431251,2,latent_bioelectric_prior,500,2923,731,749,187
vrest,0.028595518789559682,4.932794544218202,0.2677398504458944,2,latent_cancer_prior,500,2923,731,749,187
ri,0.5860498733883712,44.02657021251327,0.7899187681585258,2,latent_cancer_prior,500,2923,731,749,187
sag,0.33785477534287656,0.038667890520126834,0.569383710638826,2,latent_cancer_prior,500,2923,731,749,187
tau,0.6783088455507468,3.834671292772355,0.8627703913468625,2,latent_cancer_prior,500,2923,731,749,187
f_i_curve_slope,0.5111713605095827,0.14796774586247238,0.5977061512365229,2,latent_cancer_prior,500,2923,731,749,187
adaptation,0.15375397636314125,0.07204773032238078,0.5722704962577682,2,latent_cancer_prior,500,2923,731,749,187
latency,0.2060366329547293,0.012138163573611343,0.5408866529725888,2,latent_cancer_prior,500,2923,731,749,187
avg_isi,0.2531125605100848,23.02999086315571,0.608216233574195,2,latent_cancer_prior,500,2923,731,749,187
upstroke_downstroke_ratio_long_square,0.7481478703510935,0.2998416716393103,0.9175244528427784,2,latent_cancer_prior,500,2923,731,749,187
peak_v_long_square,0.19096369760844112,8.096395996676286,0.47434615666403485,2,latent_cancer_prior,500,2923,731,749,187
trough_v_long_square,0.19825057280773928,4.7167024035723255,0.49429184147649935,2,latent_cancer_prior,500,2923,731,749,187
fast_trough_v_long_square,0.29420412261798023,4.761333462560974,0.5859873249362425,2,latent_cancer_prior,500,2923,731,749,187
threshold_v_long_square,0.07223804353167951,4.759064741974296,0.369985992459007,2,latent_cancer_prior,500,2923,731,749,187
threshold_i_long_square,0.6650452756953014,37.667761356619245,0.7938648228430307,2,latent_cancer_prior,500,2923,731,749,187
threshold_v_short_square,0.02971709033371084,5.415535783680409,0.3156729018524543,2,latent_cancer_prior,500,2923,731,749,187
threshold_i_short_square,0.3418450767227611,118.32556450943454,0.6223200159967927,2,latent_cancer_prior,500,2923,731,749,187
threshold_v_ramp,-0.014805301754831746,6.155440595457902,0.2812784667385625,2,latent_cancer_prior,500,2923,731,749,187
threshold_i_ramp,0.5327943702271791,55.0220740595301,0.7298849830532284,2,latent_cancer_prior,500,2923,731,749,187
vrest,0.030824936071869313,4.925823628730621,0.2699558206813034,2,latent_cbef_prior,500,2923,731,749,187
ri,0.5876081292764948,43.96215083439817,0.7912910888742485,2,latent_cbef_prior,500,2923,731,749,187
sag,0.33722474500518196,0.038714914088432355,0.5694427556638832,2,latent_cbef_prior,500,2923,731,749,187
tau,0.6801968713126928,3.8205552797366304,0.8639660377439639,2,latent_cbef_prior,500,2923,731,749,187
f_i_curve_slope,0.5121803280400172,0.14782584134691756,0.5970845809393008,2,latent_cbef_prior,500,2923,731,749,187
adaptation,0.15463868647598555,0.07205695950390624,0.5732236648282426,2,latent_cbef_prior,500,2923,731,749,187
latency,0.20857448068580386,0.01208802048525409,0.5450915866766806,2,latent_cbef_prior,500,2923,731,749,187
avg_isi,0.25098432031082873,23.151993871243068,0.604520220805355,2,latent_cbef_prior,500,2923,731,749,187
upstroke_downstroke_ratio_long_square,0.7485245811475746,0.2991660018154583,0.9181798157561742,2,latent_cbef_prior,500,2923,731,749,187
peak_v_long_square,0.18906595351145739,8.100919034827688,0.4728026287838202,2,latent_cbef_prior,500,2923,731,749,187
trough_v_long_square,0.19993541983456864,4.7104279887873055,0.4951872870812669,2,latent_cbef_prior,500,2923,731,749,187
fast_trough_v_long_square,0.29576061883429605,4.753081543396352,0.5867855856927294,2,latent_cbef_prior,500,2923,731,749,187
threshold_v_long_square,0.07492132385557448,4.755578134035166,0.37228489550600374,2,latent_cbef_prior,500,2923,731,749,187
threshold_i_long_square,0.6679924152739745,37.40454578834019,0.7955297589100475,2,latent_cbef_prior,500,2923,731,749,187
threshold_v_short_square,0.03306291175801945,5.4068439001060025,0.3194185292516871,2,latent_cbef_prior,500,2923,731,749,187
threshold_i_short_square,0.34322876676036873,118.29445286848382,0.6243251395785655,2,latent_cbef_prior,500,2923,731,749,187
threshold_v_ramp,-0.012409584101360283,6.151853948870173,0.2833577614778161,2,latent_cbef_prior,500,2923,731,749,187
threshold_i_ramp,0.5353447426825929,54.82960632906874,0.7321652368443035,2,latent_cbef_prior,500,2923,731,749,187
vrest,0.06406831148815406,4.7617727034657165,0.2768094673567337,3,latent_unweighted,500,2923,731,749,187
ri,0.5668794968328423,41.048380185268485,0.7857055670929844,3,latent_unweighted,500,2923,731,749,187
sag,0.3491823787840256,0.03543303397713294,0.5846837757972538,3,latent_unweighted,500,2923,731,749,187
tau,0.6275518830174432,3.7260793483878403,0.8393364899790886,3,latent_unweighted,500,2923,731,749,187
f_i_curve_slope,0.5855749867896647,0.1327007360094284,0.6749330027364332,3,latent_unweighted,500,2923,731,749,187
adaptation,0.1677191241615893,0.06615452005106054,0.6309864420702869,3,latent_unweighted,500,2923,731,749,187
latency,0.22806788797151334,0.01186487386309429,0.5943579012045033,3,latent_unweighted,500,2923,731,749,187
avg_isi,0.3352951032316944,21.240496222658138,0.686427590788082,3,latent_unweighted,500,2923,731,749,187
upstroke_downstroke_ratio_long_square,0.7978576705958047,0.29500212755990785,0.9157255456979922,3,latent_unweighted,500,2923,731,749,187
peak_v_long_square,0.15676377634072425,7.448522276528686,0.44006184802365417,3,latent_unweighted,500,2923,731,749,187
trough_v_long_square,0.2505038028586609,4.515213733648015,0.5408347232711519,3,latent_unweighted,500,2923,731,749,187
fast_trough_v_long_square,0.3443926707903475,4.472653607375863,0.6322322898914746,3,latent_unweighted,500,2923,731,749,187
threshold_v_long_square,0.1743577402905665,4.545160782525122,0.4603222930928559,3,latent_unweighted,500,2923,731,749,187
threshold_i_long_square,0.6901075806253909,36.07307177990186,0.8085427486122582,3,latent_unweighted,500,2923,731,749,187
threshold_v_short_square,0.1189391934051709,5.124144321746487,0.4257372789803979,3,latent_unweighted,500,2923,731,749,187
threshold_i_short_square,0.3888958394485412,112.01042639836325,0.6554456860429158,3,latent_unweighted,500,2923,731,749,187
threshold_v_ramp,0.07470624486282884,5.829818959181363,0.34016690806292893,3,latent_unweighted,500,2923,731,749,187
threshold_i_ramp,0.584095436936549,47.36833326925416,0.7719067010930478,3,latent_unweighted,500,2923,731,749,187
vrest,0.06444352649221707,4.765180786555275,0.2756977189634987,3,latent_bioelectric_prior,500,2923,731,749,187
ri,0.5660541400230967,41.013136084552336,0.7850056592371762,3,latent_bioelectric_prior,500,2923,731,749,187
sag,0.34849383920214383,0.035461652126914815,0.5832020897392219,3,latent_bioelectric_prior,500,2923,731,749,187
tau,0.6286511672292561,3.722831105168242,0.8387948547882534,3,latent_bioelectric_prior,500,2923,731,749,187
f_i_curve_slope,0.5865878511408706,0.13266122023190594,0.6763478717685403,3,latent_bioelectric_prior,500,2923,731,749,187
adaptation,0.16580739247642207,0.06631815148042242,0.6307794465558042,3,latent_bioelectric_prior,500,2923,731,749,187
latency,0.2306185131377827,0.011818604304141138,0.5972577452012591,3,latent_bioelectric_prior,500,2923,731,749,187
avg_isi,0.3353090393252376,21.246236757658394,0.6871826267477544,3,latent_bioelectric_prior,500,2923,731,749,187
upstroke_downstroke_ratio_long_square,0.7994484007566199,0.293654243576497,0.9164782315246979,3,latent_bioelectric_prior,500,2923,731,749,187
peak_v_long_square,0.1555574082557447,7.448018291926401,0.4382648441217636,3,latent_bioelectric_prior,500,2923,731,749,187
trough_v_long_square,0.2481868551262313,4.524905260168242,0.5401893128610259,3,latent_bioelectric_prior,500,2923,731,749,187
fast_trough_v_long_square,0.34287427221134703,4.479085787456017,0.6316859077778966,3,latent_bioelectric_prior,500,2923,731,749,187
threshold_v_long_square,0.16989440530859912,4.557307570676046,0.4565736502069634,3,latent_bioelectric_prior,500,2923,731,749,187
threshold_i_long_square,0.6919165525957083,35.961553261886536,0.809211592857717,3,latent_bioelectric_prior,500,2923,731,749,187
threshold_v_short_square,0.1177508859015639,5.128554796504795,0.4229644664017411,3,latent_bioelectric_prior,500,2923,731,749,187
threshold_i_short_square,0.38983315786915995,112.12967504815938,0.6563483897522947,3,latent_bioelectric_prior,500,2923,731,749,187
threshold_v_ramp,0.07140183484374862,5.839483357582466,0.3380518546143827,3,latent_bioelectric_prior,500,2923,731,749,187
threshold_i_ramp,0.5847995553182759,47.33550894405641,0.7718167050219086,3,latent_bioelectric_prior,500,2923,731,749,187
vrest,0.06406831148815406,4.7617727034657165,0.2768094673567337,3,latent_cancer_prior,500,2923,731,749,187
ri,0.5668794968328421,41.04838018526849,0.7857055670929844,3,latent_cancer_prior,500,2923,731,749,187
sag,0.3491823787840257,0.03543303397713293,0.5846837757972538,3,latent_cancer_prior,500,2923,731,749,187
tau,0.6275518830174432,3.726079348387841,0.8393364899790886,3,latent_cancer_prior,500,2923,731,749,187
f_i_curve_slope,0.5855749867896647,0.13270073600942842,0.6749330027364332,3,latent_cancer_prior,500,2923,731,749,187
adaptation,0.16771912416158974,0.06615452005106051,0.6309864420702869,3,latent_cancer_prior,500,2923,731,749,187
latency,0.22806788797151367,0.01186487386309429,0.5943579012045033,3,latent_cancer_prior,500,2923,731,749,187
avg_isi,0.33529510323169465,21.240496222658127,0.686427590788082,3,latent_cancer_prior,500,2923,731,749,187
upstroke_downstroke_ratio_long_square,0.7978576705958047,0.29500212755990785,0.9157255456979922,3,latent_cancer_prior,500,2923,731,749,187
peak_v_long_square,0.15676377634072425,7.448522276528686,0.44006184802365417,3,latent_cancer_prior,500,2923,731,749,187
trough_v_long_square,0.2505038028586609,4.515213733648016,0.5408347232711519,3,latent_cancer_prior,500,2923,731,749,187
fast_trough_v_long_square,0.3443926707903475,4.472653607375863,0.6322322898914746,3,latent_cancer_prior,500,2923,731,749,187
threshold_v_long_square,0.17435774029056672,4.54516078252512,0.4603222930928559,3,latent_cancer_prior,500,2923,731,749,187
threshold_i_long_square,0.6901075806253909,36.073071779901866,0.8085427486122582,3,latent_cancer_prior,500,2923,731,749,187
threshold_v_short_square,0.1189391934051709,5.124144321746485,0.4257372789803979,3,latent_cancer_prior,500,2923,731,749,187
threshold_i_short_square,0.3888958394485412,112.01042639836325,0.6554456860429158,3,latent_cancer_prior,500,2923,731,749,187
threshold_v_ramp,0.07470624486282884,5.829818959181363,0.34016690806292893,3,latent_cancer_prior,500,2923,731,749,187
threshold_i_ramp,0.5840954369365491,47.36833326925416,0.7719067010930478,3,latent_cancer_prior,500,2923,731,749,187
vrest,0.0654126481077304,4.761547624619618,0.27735137903311774,3,latent_cbef_prior,500,2923,731,749,187
ri,0.5662621787699817,41.02631206272762,0.7852507022522249,3,latent_cbef_prior,500,2923,731,749,187
sag,0.3486909182428791,0.0354573025143549,0.583119666324951,3,latent_cbef_prior,500,2923,731,749,187
tau,0.6283773176795532,3.7238956007355,0.8388904266264186,3,latent_cbef_prior,500,2923,731,749,187
f_i_curve_slope,0.586191391616462,0.13271802742295472,0.6758825157650151,3,latent_cbef_prior,500,2923,731,749,187
adaptation,0.16608112763347382,0.06627826092227372,0.6313808640664942,3,latent_cbef_prior,500,2923,731,749,187
latency,0.23069809848759792,0.011822741000652844,0.5970547432188179,3,latent_cbef_prior,500,2923,731,749,187
avg_isi,0.33479771261936764,21.253526827724688,0.6869238362717386,3,latent_cbef_prior,500,2923,731,749,187
upstroke_downstroke_ratio_long_square,0.7990719220903135,0.2939514073587752,0.9162744002337224,3,latent_cbef_prior,500,2923,731,749,187
peak_v_long_square,0.155964832860647,7.44953289723158,0.43859235687666664,3,latent_cbef_prior,500,2923,731,749,187
trough_v_long_square,0.24910209994014654,4.521724421672888,0.5408690075311214,3,latent_cbef_prior,500,2923,731,749,187
fast_trough_v_long_square,0.34351626078344566,4.476391786506373,0.6321256738770149,3,latent_cbef_prior,500,2923,731,749,187
threshold_v_long_square,0.171263388669048,4.5531372718901,0.45711803572499443,3,latent_cbef_prior,500,2923,731,749,187
threshold_i_long_square,0.6917240778942748,35.953302391453676,0.8092810042698576,3,latent_cbef_prior,500,2923,731,749,187
threshold_v_short_square,0.11848036158757502,5.126122449552531,0.4240455865146172,3,latent_cbef_prior,500,2923,731,749,187
threshold_i_short_square,0.3896805647093331,112.06047221263493,0.6562902548775345,3,latent_cbef_prior,500,2923,731,749,187
threshold_v_ramp,0.07231050112783421,5.836583774109607,0.3386215839272169,3,latent_cbef_prior,500,2923,731,749,187
threshold_i_ramp,0.5849687523493878,47.32708709489771,0.7725946741311528,3,latent_cbef_prior,500,2923,731,749,187
vrest,0.03574125295532726,4.8437441148799385,0.24616122855432157,4,latent_unweighted,500,2923,731,748,188
ri,0.5777399197153561,42.78761416951271,0.7812548927385773,4,latent_unweighted,500,2923,731,748,188
sag,0.21113327470102328,0.039480191404025235,0.5752122717803795,4,latent_unweighted,500,2923,731,748,188
tau,0.6745157178527337,3.6243968298715457,0.8537644582741833,4,latent_unweighted,500,2923,731,748,188
f_i_curve_slope,0.5435247624927537,0.13673500727357166,0.6422403699327767,4,latent_unweighted,500,2923,731,748,188
adaptation,0.17295790576801873,0.06824298914869537,0.6203897647507344,4,latent_unweighted,500,2923,731,748,188
latency,0.18702015342071776,0.012120973077198794,0.6589049033178399,4,latent_unweighted,500,2923,731,748,188
avg_isi,0.30023583499979856,21.975713531971845,0.6780368533581846,4,latent_unweighted,500,2923,731,748,188
upstroke_downstroke_ratio_long_square,0.812682572411726,0.29312144343669283,0.9227359289591884,4,latent_unweighted,500,2923,731,748,188
peak_v_long_square,0.1345705829882894,7.761221143002734,0.4205087307292585,4,latent_unweighted,500,2923,731,748,188
trough_v_long_square,0.20778783938960566,4.513443973680014,0.4969314331886643,4,latent_unweighted,500,2923,731,748,188
fast_trough_v_long_square,0.29754054047173617,4.497469805152648,0.5772653412957371,4,latent_unweighted,500,2923,731,748,188
threshold_v_long_square,0.1179228975937131,4.43210369055023,0.3939366421134972,4,latent_unweighted,500,2923,731,748,188
threshold_i_long_square,0.6330079193856213,37.26751898642934,0.7736265427073532,4,latent_unweighted,500,2923,731,748,188
threshold_v_short_square,0.0992075132155481,5.048905297271575,0.36717201992504284,4,latent_unweighted,500,2923,731,748,188
threshold_i_short_square,0.33127436291976975,117.71008078156312,0.6283578796021829,4,latent_unweighted,500,2923,731,748,188
threshold_v_ramp,0.07137788596513428,5.592734641114656,0.32644448383512925,4,latent_unweighted,500,2923,731,748,188
threshold_i_ramp,0.5146192146273012,49.89638091148234,0.730371459518979,4,latent_unweighted,500,2923,731,748,188
vrest,0.03682149360771514,4.839228421380302,0.24611308934814843,4,latent_bioelectric_prior,500,2923,731,748,188
ri,0.5792755051718185,42.71664621711392,0.7828659127161192,4,latent_bioelectric_prior,500,2923,731,748,188
sag,0.21122184223799034,0.03942055473193901,0.575054060605018,4,latent_bioelectric_prior,500,2923,731,748,188
tau,0.6755456099496918,3.618013565661041,0.8543883939968229,4,latent_bioelectric_prior,500,2923,731,748,188
f_i_curve_slope,0.5436432527170063,0.13658047388625502,0.642388427954594,4,latent_bioelectric_prior,500,2923,731,748,188
adaptation,0.1729134446111904,0.06823375044745625,0.6216956981613404,4,latent_bioelectric_prior,500,2923,731,748,188
latency,0.1858747097792398,0.012118744778839924,0.6578680203982707,4,latent_bioelectric_prior,500,2923,731,748,188
avg_isi,0.2972938279867905,22.07251111266444,0.6747874722768514,4,latent_bioelectric_prior,500,2923,731,748,188
upstroke_downstroke_ratio_long_square,0.8129686542041332,0.2930367145948914,0.9231663862386384,4,latent_bioelectric_prior,500,2923,731,748,188
peak_v_long_square,0.13449819278077935,7.7588603628232935,0.4189842804021523,4,latent_bioelectric_prior,500,2923,731,748,188
trough_v_long_square,0.21066089583600733,4.505509425148856,0.498969395112154,4,latent_bioelectric_prior,500,2923,731,748,188
fast_trough_v_long_square,0.30036954901715707,4.49256854377717,0.5792378220601763,4,latent_bioelectric_prior,500,2923,731,748,188
threshold_v_long_square,0.1163240667797949,4.440335889003564,0.39437244537600397,4,latent_bioelectric_prior,500,2923,731,748,188
threshold_i_long_square,0.6340941831774702,37.15682533765653,0.7746850388175034,4,latent_bioelectric_prior,500,2923,731,748,188
threshold_v_short_square,0.0983572428033821,5.054481590027178,0.3658856705518464,4,latent_bioelectric_prior,500,2923,731,748,188
threshold_i_short_square,0.33317189504960576,117.45083812249213,0.6319250690555892,4,latent_bioelectric_prior,500,2923,731,748,188
threshold_v_ramp,0.07566039925542067,5.57610740524796,0.32992175149349884,4,latent_bioelectric_prior,500,2923,731,748,188
threshold_i_ramp,0.5159089895582225,49.8049952054375,0.7313123861983539,4,latent_bioelectric_prior,500,2923,731,748,188
vrest,0.035741252955327485,4.8437441148799385,0.24616122855432157,4,latent_cancer_prior,500,2923,731,748,188
ri,0.5777399197153561,42.78761416951271,0.7812548927385773,4,latent_cancer_prior,500,2923,731,748,188
sag,0.21113327470102317,0.03948019140402524,0.5752122717803795,4,latent_cancer_prior,500,2923,731,748,188
tau,0.6745157178527336,3.624396829871546,0.8537644582741833,4,latent_cancer_prior,500,2923,731,748,188
f_i_curve_slope,0.5435247624927537,0.13673500727357166,0.6422403699327767,4,latent_cancer_prior,500,2923,731,748,188
adaptation,0.17295790576801862,0.06824298914869537,0.6203897647507344,4,latent_cancer_prior,500,2923,731,748,188
latency,0.18702015342071765,0.012120973077198794,0.6589049033178399,4,latent_cancer_prior,500,2923,731,748,188
avg_isi,0.30023583499979856,21.975713531971845,0.6780368533581846,4,latent_cancer_prior,500,2923,731,748,188
upstroke_downstroke_ratio_long_square,0.812682572411726,0.29312144343669283,0.9227359289591884,4,latent_cancer_prior,500,2923,731,748,188
peak_v_long_square,0.1345705829882896,7.761221143002734,0.4205087307292585,4,latent_cancer_prior,500,2923,731,748,188
trough_v_long_square,0.20778783938960543,4.513443973680013,0.4969314331886643,4,latent_cancer_prior,500,2923,731,748,188
fast_trough_v_long_square,0.2975405404717364,4.497469805152648,0.5772653412957371,4,latent_cancer_prior,500,2923,731,748,188
threshold_v_long_square,0.1179228975937131,4.43210369055023,0.3939366421134972,4,latent_cancer_prior,500,2923,731,748,188
threshold_i_long_square,0.6330079193856213,37.26751898642933,0.7736265427073532,4,latent_cancer_prior,500,2923,731,748,188
threshold_v_short_square,0.09920751321554833,5.048905297271575,0.36717201992504284,4,latent_cancer_prior,500,2923,731,748,188
threshold_i_short_square,0.33127436291976964,117.71008078156308,0.6283578796021829,4,latent_cancer_prior,500,2923,731,748,188
threshold_v_ramp,0.07137788596513428,5.5927346411146575,0.32644448383512925,4,latent_cancer_prior,500,2923,731,748,188
threshold_i_ramp,0.5146192146273013,49.89638091148234,0.730371459518979,4,latent_cancer_prior,500,2923,731,748,188
vrest,0.035599209976362345,4.842229584174396,0.24528993042701966,4,latent_cbef_prior,500,2923,731,748,188
ri,0.5790430487871701,42.71803829537704,0.7824420449763709,4,latent_cbef_prior,500,2923,731,748,188
sag,0.21067100233296876,0.039467160517406744,0.5743352596183947,4,latent_cbef_prior,500,2923,731,748,188
tau,0.6756882162598261,3.616427814645485,0.8542644977501757,4,latent_cbef_prior,500,2923,731,748,188
f_i_curve_slope,0.5434548848894032,0.13656093082879645,0.6431765193463765,4,latent_cbef_prior,500,2923,731,748,188
adaptation,0.17440293106654003,0.06819386019199122,0.621693117629548,4,latent_cbef_prior,500,2923,731,748,188
latency,0.18597012696798054,0.012106288624047376,0.6590147449532664,4,latent_cbef_prior,500,2923,731,748,188
avg_isi,0.2987332991736611,22.008766881563147,0.6769765005483361,4,latent_cbef_prior,500,2923,731,748,188
upstroke_downstroke_ratio_long_square,0.8130266169551539,0.2927725123099996,0.9232423583234285,4,latent_cbef_prior,500,2923,731,748,188
peak_v_long_square,0.13581997785309896,7.755055085103594,0.42096328868151905,4,latent_cbef_prior,500,2923,731,748,188
trough_v_long_square,0.2095765119655031,4.508009351616245,0.49832436895801197,4,latent_cbef_prior,500,2923,731,748,188
fast_trough_v_long_square,0.29950981134839816,4.493891615916341,0.5784628475869238,4,latent_cbef_prior,500,2923,731,748,188
threshold_v_long_square,0.1161078814466775,4.440071384308397,0.39402213770630395,4,latent_cbef_prior,500,2923,731,748,188
threshold_i_long_square,0.6340279960102521,37.178741239434544,0.7744442246836464,4,latent_cbef_prior,500,2923,731,748,188
threshold_v_short_square,0.09794445676589347,5.05356904396583,0.36593932412352925,4,latent_cbef_prior,500,2923,731,748,188
threshold_i_short_square,0.33288576341645715,117.46415489012298,0.6310890940053387,4,latent_cbef_prior,500,2923,731,748,188
threshold_v_ramp,0.0728998829655707,5.585462508290653,0.32799570648532395,4,latent_cbef_prior,500,2923,731,748,188
threshold_i_ramp,0.5158259054831287,49.82375054496838,0.7314059765840639,4,latent_cbef_prior,500,2923,731,748,188
vrest,0.0843021208926461,4.773907335433099,0.3005186235526859,5,latent_unweighted,500,2924,730,749,187
ri,0.5392756338960527,44.49415923045018,0.7883597768941563,5,latent_unweighted,500,2924,730,749,187
sag,0.22617087048052897,0.04089002488148291,0.5934347630241789,5,latent_unweighted,500,2924,730,749,187
tau,0.45435444333031483,4.0035849572505535,0.8585745629610814,5,latent_unweighted,500,2924,730,749,187
f_i_curve_slope,0.590332316421485,0.14123937974829906,0.6638513240475532,5,latent_unweighted,500,2924,730,749,187
adaptation,0.22535223566512952,0.06590572921072535,0.6694727755217025,5,latent_unweighted,500,2924,730,749,187
latency,0.03755290616929008,0.012623935454148907,0.5505915116146776,5,latent_unweighted,500,2924,730,749,187
avg_isi,0.272175166701795,22.401876245106177,0.645403252507176,5,latent_unweighted,500,2924,730,749,187
upstroke_downstroke_ratio_long_square,0.7952640133483438,0.28639554654578125,0.9105844596165604,5,latent_unweighted,500,2924,730,749,187
peak_v_long_square,0.1509829299008545,7.780007328271952,0.43438426790208357,5,latent_unweighted,500,2924,730,749,187
trough_v_long_square,0.1751835699917349,4.6017720456410665,0.48096351942674165,5,latent_unweighted,500,2924,730,749,187
fast_trough_v_long_square,0.2589786808088357,4.681357674921404,0.5599727003466135,5,latent_unweighted,500,2924,730,749,187
threshold_v_long_square,0.09789693535916844,4.480024122204615,0.4117259138819107,5,latent_unweighted,500,2924,730,749,187
threshold_i_long_square,0.6810005024491614,36.97792247806913,0.8012843715149036,5,latent_unweighted,500,2924,730,749,187
threshold_v_short_square,0.060670945776851615,5.131905246721974,0.3477761060220558,5,latent_unweighted,500,2924,730,749,187
threshold_i_short_square,0.3083315009615759,121.52265907151083,0.5936073928228449,5,latent_unweighted,500,2924,730,749,187
threshold_v_ramp,0.0025190397139264187,5.790508396486382,0.29275329082266743,5,latent_unweighted,500,2924,730,749,187
threshold_i_ramp,0.5424376329181856,52.392352438357484,0.7448137939603835,5,latent_unweighted,500,2924,730,749,187
vrest,0.08189394239108638,4.784091747944351,0.297937620963771,5,latent_bioelectric_prior,500,2924,730,749,187
ri,0.5406988522186075,44.4154492547438,0.7898470052363241,5,latent_bioelectric_prior,500,2924,730,749,187
sag,0.22719235076856747,0.04085861342051954,0.5938342938715647,5,latent_bioelectric_prior,500,2924,730,749,187
tau,0.4556412036898828,4.008419594564644,0.8585766297126853,5,latent_bioelectric_prior,500,2924,730,749,187
f_i_curve_slope,0.5920313015932944,0.14100747795241295,0.6648042971162355,5,latent_bioelectric_prior,500,2924,730,749,187
adaptation,0.22420504563120724,0.06594653018329406,0.6700497076896038,5,latent_bioelectric_prior,500,2924,730,749,187
latency,0.03417818461479194,0.01259244610217441,0.5532579775698213,5,latent_bioelectric_prior,500,2924,730,749,187
avg_isi,0.27467120455912875,22.344832377627792,0.6478887218358917,5,latent_bioelectric_prior,500,2924,730,749,187
upstroke_downstroke_ratio_long_square,0.7964566608692781,0.28558517812108825,0.9115748346463761,5,latent_bioelectric_prior,500,2924,730,749,187
peak_v_long_square,0.14981832402543493,7.782768622884924,0.4331366432411811,5,latent_bioelectric_prior,500,2924,730,749,187
trough_v_long_square,0.17287944550755086,4.6105492802656,0.4797051285120121,5,latent_bioelectric_prior,500,2924,730,749,187
fast_trough_v_long_square,0.2575372070635972,4.688273928631122,0.5590643467875654,5,latent_bioelectric_prior,500,2924,730,749,187
threshold_v_long_square,0.09797464850777371,4.483901048361054,0.412758288078667,5,latent_bioelectric_prior,500,2924,730,749,187
threshold_i_long_square,0.6818110062197558,36.94736981473826,0.8026385195617973,5,latent_bioelectric_prior,500,2924,730,749,187
threshold_v_short_square,0.058373738586179114,5.137259726363364,0.34604837831906116,5,latent_bioelectric_prior,500,2924,730,749,187
threshold_i_short_square,0.30930116805652774,121.33035321238388,0.5939833267653408,5,latent_bioelectric_prior,500,2924,730,749,187
threshold_v_ramp,0.005480697602513129,5.782427830197243,0.29574539261384825,5,latent_bioelectric_prior,500,2924,730,749,187
threshold_i_ramp,0.5442561784927105,52.299342138448786,0.7466076731289225,5,latent_bioelectric_prior,500,2924,730,749,187
vrest,0.08430212089264588,4.773907335433101,0.3005186235526859,5,latent_cancer_prior,500,2924,730,749,187
ri,0.5392756338960525,44.494159230450194,0.7883597768941563,5,latent_cancer_prior,500,2924,730,749,187
sag,0.22617087048052897,0.0408900248814829,0.5934347630241789,5,latent_cancer_prior,500,2924,730,749,187
tau,0.45435444333031505,4.0035849572505535,0.8585745629610814,5,latent_cancer_prior,500,2924,730,749,187
f_i_curve_slope,0.5903323164214849,0.14123937974829906,0.6638513240475532,5,latent_cancer_prior,500,2924,730,749,187
adaptation,0.22535223566512952,0.06590572921072535,0.6694727755217025,5,latent_cancer_prior,500,2924,730,749,187
latency,0.0375529061692903,0.012623935454148907,0.5505915116146776,5,latent_cancer_prior,500,2924,730,749,187
avg_isi,0.272175166701795,22.40187624510618,0.645403252507176,5,latent_cancer_prior,500,2924,730,749,187
upstroke_downstroke_ratio_long_square,0.7952640133483438,0.28639554654578125,0.9105844596165604,5,latent_cancer_prior,500,2924,730,749,187
peak_v_long_square,0.1509829299008545,7.780007328271953,0.43438426790208357,5,latent_cancer_prior,500,2924,730,749,187
trough_v_long_square,0.17518356999173446,4.6017720456410665,0.48096351942674165,5,latent_cancer_prior,500,2924,730,749,187
fast_trough_v_long_square,0.25897868080883535,4.681357674921406,0.5599727003466135,5,latent_cancer_prior,500,2924,730,749,187
threshold_v_long_square,0.09789693535916777,4.4800241222046155,0.4117259138819107,5,latent_cancer_prior,500,2924,730,749,187
threshold_i_long_square,0.6810005024491614,36.977922478069125,0.8012843715149036,5,latent_cancer_prior,500,2924,730,749,187
threshold_v_short_square,0.06067094577685139,5.131905246721976,0.3477761060220558,5,latent_cancer_prior,500,2924,730,749,187
threshold_i_short_square,0.3083315009615758,121.52265907151083,0.5936073928228449,5,latent_cancer_prior,500,2924,730,749,187
threshold_v_ramp,0.0025190397139260856,5.790508396486382,0.29275329082266743,5,latent_cancer_prior,500,2924,730,749,187
threshold_i_ramp,0.5424376329181855,52.39235243835749,0.7448137939603835,5,latent_cancer_prior,500,2924,730,749,187
vrest,0.08254433089430524,4.7810810328464655,0.29865206923093474,5,latent_cbef_prior,500,2924,730,749,187
ri,0.540371702330348,44.430408294379625,0.7895690271348692,5,latent_cbef_prior,500,2924,730,749,187
sag,0.22702462425322112,0.040865310604025824,0.5938846362389932,5,latent_cbef_prior,500,2924,730,749,187
tau,0.4553457481228611,4.00681427199361,0.8586939718485296,5,latent_cbef_prior,500,2924,730,749,187
f_i_curve_slope,0.59164032834973,0.14105814794135904,0.6642871773168152,5,latent_cbef_prior,500,2924,730,749,187
adaptation,0.22451685842762004,0.06594020313676743,0.6699864404128906,5,latent_cbef_prior,500,2924,730,749,187
latency,0.03493517647922084,0.012598681007213394,0.5525658004376861,5,latent_cbef_prior,500,2924,730,749,187
avg_isi,0.2740596329371614,22.35885203913063,0.6471819544759551,5,latent_cbef_prior,500,2924,730,749,187
upstroke_downstroke_ratio_long_square,0.7961908955827882,0.28574309955906446,0.9112981984018302,5,latent_cbef_prior,500,2924,730,749,187
peak_v_long_square,0.1502239709345361,7.781768505731639,0.43365943917034444,5,latent_cbef_prior,500,2924,730,749,187
trough_v_long_square,0.1734824495275823,4.608088386977008,0.48025152271399046,5,latent_cbef_prior,500,2924,730,749,187
fast_trough_v_long_square,0.25790964140538764,4.686176945940543,0.5594295297810381,5,latent_cbef_prior,500,2924,730,749,187
threshold_v_long_square,0.09804955751154432,4.482879049527704,0.41267623488188293,5,latent_cbef_prior,500,2924,730,749,187
threshold_i_long_square,0.6816526031630399,36.95375748812381,0.8024835872039177,5,latent_cbef_prior,500,2924,730,749,187
threshold_v_short_square,0.0590259451054822,5.135852495973258,0.3466261280938893,5,latent_cbef_prior,500,2924,730,749,187
threshold_i_short_square,0.3090796485468089,121.36797062356088,0.5936110488074312,5,latent_cbef_prior,500,2924,730,749,187
threshold_v_ramp,0.004801457272876064,5.7843978696159555,0.29495088066736946,5,latent_cbef_prior,500,2924,730,749,187
threshold_i_ramp,0.5438256109503921,52.322589412397704,0.7460055079253414,5,latent_cbef_prior,500,2924,730,749,187
