studyId,name,cancerTypeName,exploratoryBioelectricAlterationIndex,nGenesContributing
skcm_tcga_pan_can_atlas_2018,"Skin Cutaneous Melanoma (TCGA, PanCancer Atlas)",Cutaneous Melanoma,6.979338243606746,15
ucec_tcga_pan_can_atlas_2018,"Uterine Corpus Endometrial Carcinoma (TCGA, PanCancer Atlas)",Endometrial Carcinoma,4.971152527323252,15
luad_tcga_pan_can_atlas_2018,"Lung Adenocarcinoma (TCGA, PanCancer Atlas)",Lung Adenocarcinoma,3.172892749512223,15
coadread_tcga_pan_can_atlas_2018,"Colorectal Adenocarcinoma (TCGA, PanCancer Atlas)",Colorectal Adenocarcinoma,2.764188643963293,15
gbm_tcga_pan_can_atlas_2018,"Glioblastoma Multiforme (TCGA, PanCancer Atlas)",Diffuse Glioma,2.2406513660839114,15
paad_tcga_pan_can_atlas_2018,"Pancreatic Adenocarcinoma (TCGA, PanCancer Atlas)",Pancreatic Adenocarcinoma,0.7717576026317512,15
ov_tcga_pan_can_atlas_2018,"Ovarian Serous Cystadenocarcinoma (TCGA, PanCancer Atlas)",High-Grade Serous Ovarian Cancer,0.705634198266689,15
brca_tcga_pan_can_atlas_2018,"Breast Invasive Carcinoma (TCGA, PanCancer Atlas)",Invasive Breast Carcinoma,0.6863764683033372,15
lgg_tcga_pan_can_atlas_2018,"Brain Lower Grade Glioma (TCGA, PanCancer Atlas)",Diffuse Glioma,0.6516229899116209,15
prad_tcga_pan_can_atlas_2018,"Prostate Adenocarcinoma (TCGA, PanCancer Atlas)",Prostate Adenocarcinoma,0.5399400352104478,15
