gene,importance
Synpr,0.066533075582068
Cacna2d3,0.036040222055296764
Dscam,0.033439311782013176
Cemip,0.0312679714709577
Sox5,0.02634717291555941
Adcy2,0.02104873967459069
Pvalb,0.019391474954118908
Slit2,0.018655405454484516
Igsf11,0.017646328528232554
Gabrd,0.016100663349396513
Sst,0.015910657635469557
Pde1a,0.01591003757882191
Itpr1,0.015277507112885412
Vip,0.01331338649452827
Esrrg,0.011281593126553496
Grin3a,0.010422268584129635
Galnt14,0.010290309004234598
Kcnh7,0.009975580882564205
Grid2,0.008660265021632547
Trhde,0.00843951046814667
Sorcs1,0.00828156178338487
Npas1,0.008243312830272508
Gabra1,0.007827826530872542
Dock4,0.007743054806277848
Rgs6,0.007290424281243627
Erbb4,0.007258814858786652
Grm7,0.006916678555232296
Kcnd3,0.00687413054073693
Igf1,0.006705423558935766
Tmem132c,0.006316611794982902
Nxph1,0.006227445874774296
Sorcs3,0.00593421048956301
Ndst3,0.005439654898640743
Crh,0.005411906084010033
Atrnl1,0.0052113373084922915
Nell1,0.005194313835225633
Tox3,0.005140406561619259
Trpm3,0.004865494617510898
Ptprm,0.004790394858933984
Tmem132d,0.0047824165586862
Timp2,0.004697239685882574
Tmem108,0.00466988052058633
Cnr1,0.004501509908353498
Cdh4,0.00440795703627361
Lamp5,0.004407163948293295
Rora,0.00440172119366586
Fmn1,0.00437608348886622
Trps1,0.004354927446419102
Eya4,0.0042241166732452755
Il1rapl2,0.004182346563715297
Ano4,0.004114168205895778
Cntnap4,0.004087509607130707
Gabrb2,0.004084542745395639
Chl1,0.004024272693642516
Ntrk3,0.003945510497140072
Nkain3,0.003937194143586317
Fstl5,0.003936379166532514
Slc44a5,0.0037619084542343697
Prkca,0.0037397542752744014
Adarb2,0.0037160632424824225
Cntn5,0.003668131996606858
Luzp2,0.003520522898359039
Dcc,0.0033815082864190613
Srrm4,0.003362045096039046
Rgs12,0.0033543331344167517
Cxcl14,0.003336811226568627
Sox6,0.003222559738747557
Col19a1,0.003213040835339012
Gap43,0.0031808131876580018
Cadps2,0.00317174809874724
Gabrg3,0.0030200489635781196
Mpped1,0.0028169843870784247
Cdh12,0.0028005610538493317
Fam135b,0.002776483593442216
Kit,0.0027323778750197995
Kirrel3,0.002715539572539822
Chrm3,0.0027131966484093156
Rapgef5,0.002674291214740304
Unc5d,0.002661748523529213
Alk,0.002655049444432604
Brinp3,0.002634969689235573
Lingo2,0.002628235331001627
Sorcs2,0.002586829775563033
Lrrc4c,0.002542781849942343
Npas3,0.002534070242265646
Tmtc2,0.00251920978692951
Btbd11,0.002516436815303652
Penk,0.0025117114925601106
Slc35f3,0.0025089276970892594
Slc35f1,0.002491061190837408
Pcdh15,0.0024630680112024553
Thsd7b,0.002410274388710614
Thsd7a,0.0023970279597626165
Col25a1,0.0023625071810253286
Grik3,0.0023240296859990636
Reln,0.002318487777376706
Alcam,0.0023165631510831917
Clstn2,0.0023107165359835
Zmat4,0.002305928599968946
Ptprt,0.002301156123258415
Mgat4c,0.0022908916306752084
Fgf13,0.002238504079732819
Prkd1,0.0022350237599566775
Hs6st3,0.002227351989206266
Hs3st5,0.0022101400700049187
Npy,0.002195569181497938
Shisa9,0.002189574916331
Tmeff2,0.002168024235139341
Serpine2,0.002155826811971217
Gria3,0.002134666842539952
Cacna2d1,0.0020936743437449125
Pdzrn4,0.002087768329896717
Sgcz,0.002044271002611713
Pitpnc1,0.0020240341886754165
Kcnc2,0.002013928392144118
Calb2,0.0020101944404868587
Nyap2,0.00201002111766153
Kcnt2,0.0020080928674193854
Osbpl3,0.0019960970713147506
Vwc2,0.0019779483068725727
Ralyl,0.0019450281123912431
Plxna4,0.0019335138480859723
Ptprk,0.0019254941377439777
Lrp1b,0.0018812365529819492
Sema6d,0.00187236779180521
Ptprd,0.0018674621032952676
Slc24a2,0.001866479278480737
Gng4,0.001866451406393073
Ptpre,0.0018603469371544369
Serpini1,0.0018519232372663913
Cdh9,0.0018366435164650593
Spock1,0.001827549801304242
Csmd3,0.0018023016254537184
Pip5k1b,0.0017718231593207476
Cdh13,0.001769087768679337
Inpp4b,0.0017632846590302084
Nlgn1,0.0017523122510723886
Dgkg,0.0017489921532443562
Adra1a,0.0017372599423042992
Kcnb2,0.0017314387395722059
Cacna1e,0.0017205948054176351
Cntn4,0.0017132422735126299
Kcnq5,0.0017082699349843433
Adamts17,0.001701454101675576
Dab1,0.0016957163944724693
Parm1,0.001686211387568765
Pcdh7,0.0016698265923309706
Ano3,0.001660739595474905
Gas7,0.0016529601682442844
Unc5c,0.0016379382874499436
Cdh8,0.001633232852322085
Prox1,0.0016151325206176777
Scg2,0.0016136050190287499
Rxfp1,0.0016073937728414776
Ncam2,0.0015997487869777263
Grin2a,0.0015872480064123334
Kcnab1,0.0015817047820915857
Kcnip4,0.0015739850535796132
Egfr,0.0015704716793220948
Sez6,0.001561337474860897
Pld5,0.0015417538461700553
Nrg1,0.0015277346584622051
Tox,0.001526998422394845
Tenm1,0.0015083950246794348
Mctp1,0.0015065177778538657
Runx1t1,0.001505334357546725
Gpc6,0.0014955262840501045
Cck,0.0014927770611598823
Ptchd4,0.001492649309744953
Asic2,0.0014862420232529309
Nfib,0.0014849110508672757
Sdk1,0.0014737295355644086
Caln1,0.0014639268159029454
Calb1,0.0014616001290910163
Grik1,0.0014466771167773132
Pcdh17,0.0014449256970980955
Gabra2,0.0014160318661883442
Lrrtm4,0.0014006465743266149
Pcsk2,0.0013961583093511738
Pde4b,0.0013917155770436136
Arpp21,0.0013890649971261947
Plxna2,0.0013890097740681508
Grm8,0.0013889948255973654
Slc24a3,0.0013856289058034258
Opcml,0.0013737470970879516
Arap2,0.001368563997507141
Chsy3,0.0013525901328921908
Sgcd,0.001346553386610172
Stxbp6,0.001342670930745821
Elmod1,0.001337110915261356
Zfpm2,0.0013301447757999246
Cacng3,0.0013239261366430636
Cntn6,0.001322302878997
Snca,0.00132152414200642
Fam189a1,0.0013191861921707383
Fat3,0.0013071613123574828
Unc13c,0.0013048964059103054
Prkg1,0.0012928671185541596
Ak5,0.0012873891238974573
St6galnac5,0.0012837130113234054
Chrna7,0.001280835670063034
Olfm3,0.0012731662148011435
Nhs,0.001267703832614483
Rgs4,0.0012604472754796719
Ryr3,0.0012514216822819106
Brinp1,0.0012503834921996262
Gng2,0.0012394763360090702
Klhl5,0.0012342193448347117
Gabrb1,0.001232535157212845
Cpne4,0.00122529899762873
Mical2,0.001223462047363714
Pcdh11x,0.001222823593482505
Myo16,0.0012110083414397087
Kcnj3,0.0012091402275966172
Cdh2,0.001199823015028858
Lhfpl3,0.0011997281851440457
Tshz3,0.0011989181454663347
Brinp2,0.0011986360068944432
Epha6,0.0011940626457241092
Kctd16,0.0011936921181951853
Edil3,0.001187737375558213
Mpdz,0.0011825950655996852
Necab1,0.0011783697531873515
Gda,0.0011737869408582928
Rab3b,0.001171033525750258
Magi3,0.0011705591665552007
Pdzd2,0.0011619534472161203
Tenm3,0.0011611340083161972
Tenm4,0.0011594959805700863
Eepd1,0.0011524002956638934
Slc35f4,0.0011421573169423421
Dgkb,0.0011396636261009026
Astn2,0.0011316531507747042
Ncald,0.0011212456821417431
Prickle2,0.0011179389889777902
Cdk14,0.0011111549469121954
Ust,0.0011018220452990283
Ptprr,0.0010881973902842207
Slc8a1,0.0010858424088839437
Cntn3,0.0010844560968752102
Sema3e,0.0010834977093685933
Galnt18,0.0010834521364318963
Cacnb2,0.001078234257360167
Pid1,0.0010760033959005357
Tuba4a,0.0010645178570216681
Slco3a1,0.0010621398777917296
Kctd8,0.0010605553842432294
Garnl3,0.0010605309862710445
Mlip,0.0010525894698098595
Epha3,0.0010514862667192263
Fstl4,0.001049066946599725
Kcnq3,0.0010479321681889423
Etv6,0.0010465742626146156
Dscaml1,0.0010448902370262818
Neto2,0.0010407772352326997
Tagln3,0.0010305802006464553
Neto1,0.0010260978110071932
Nell2,0.00102598807678125
Sphkap,0.0010250571156208681
Kif26b,0.001021813362942785
Camkv,0.0010194570639136512
Slc2a13,0.0010178329170938756
Mmp16,0.0010148194588848966
Cers6,0.001010589333771383
Spats2l,0.0010099893255126862
Ldha,0.0010098074008590553
Kcnh1,0.0010038380331256103
Ppm1l,0.0009966224552652584
Ptpro,0.0009904541605299656
Efna5,0.0009838741376199897
Slc9a9,0.0009805692247553846
Sh3kbp1,0.0009760813269582518
Mcc,0.0009662809694129924
Tppp,0.0009645686186223248
Bcl11a,0.0009597754678707974
Hdac9,0.0009588760662213652
Sgk1,0.0009550148087719495
Dynlt3,0.0009505490218244144
Maml3,0.0009502837482675771
Nrip3,0.0009393498701974238
Adcy8,0.0009373286072547124
Cdh10,0.0009307609272903718
Elavl2,0.0009307455444558641
Dpp10,0.0009295663307119046
Usp11,0.0009269341957545165
Zbtb16,0.0009252325232714463
Flrt2,0.0009246922972466157
Rps6ka2,0.0009220241068571911
Camk2d,0.0009163856401021276
Ctnnb1,0.0009157022991509185
Sat1,0.0009079969369452656
Susd4,0.0009051915042849142
Dock10,0.0009030252719601961
Cplx2,0.0008970513326896353
Cdkl5,0.0008958261415594179
Ap1s2,0.0008944845830824121
Nr3c2,0.0008879341991839653
Ly6e,0.000853894923984953
Gabrg2,0.0008466658155251909
Fut9,0.0007845066616011658
