target,model,n,spearman,spearman_ci_low,spearman_ci_high,calibration_intercept,calibration_slope,median_abs_error,p90_abs_error,p95_abs_error
adaptation,Ridge,3654,0.40229014351458503,0.3728469087103176,0.429418949305735,0.05084453456017369,0.3350601747150097,0.07146555009572075,0.19869821147981537,0.27024197209808926
adaptation,ExtraTrees,3654,0.7077683979099049,0.6868500865390803,0.7297177447909353,-0.023928937939320306,1.3119976974682297,0.043844645416760204,0.1276674098248124,0.21986406268958594
avg_isi,Ridge,3654,0.5033182176981755,0.4744707159357298,0.5328012503269313,28.122949765442975,0.5023336970049023,22.957637384639145,63.276971480049205,82.00835666922767
avg_isi,ExtraTrees,3654,0.6786788021811029,0.6554179119669998,0.7037575628338546,-18.684840149932455,1.3289428339652631,14.122229179996829,43.10169236446933,66.08826359658255
f_i_curve_slope,Ridge,3654,0.5306299139118892,0.4972245830628617,0.5691116767205943,0.11160839629699952,0.7026523204524383,0.14172111705894674,0.37668459294239015,0.4786660116239539
f_i_curve_slope,ExtraTrees,3654,0.6588474182188104,0.629096533359757,0.6899732320664571,-0.07091240657767256,1.189165677497679,0.10567412270070335,0.28130835510213253,0.3919866748006282
latency,Ridge,3654,0.3340913512365643,0.3032101656156797,0.36068467560078965,0.021992313523422704,0.26808034250062174,0.015574139573488847,0.04076111240864777,0.04910457979477061
latency,ExtraTrees,3654,0.613862665483982,0.5892696176833019,0.6360839348446321,-0.014159981330515117,1.473149017568298,0.008477339475108252,0.021497002968975394,0.026936557108913746
ri,Ridge,3654,0.7269727728470318,0.7074556190915267,0.7475298018259808,46.67760215669905,0.7721563312508455,40.70653852636303,104.41284950184917,125.99143532085895
ri,ExtraTrees,3654,0.8000573875350555,0.7846666261406104,0.8167681607497379,-38.442935044638716,1.1874209981144113,34.5166496464602,88.26849865626747,110.60251875260434
sag,Ridge,3654,0.4553906214920927,0.421862885922706,0.48077264764409416,0.040873256805563904,0.47057745976545023,0.040319228887106394,0.10526376128448448,0.12660383579725715
sag,ExtraTrees,3654,0.5837413155268953,0.5572564280210617,0.6081256500819111,-0.04527847867855737,1.5835698505213902,0.03077197494097585,0.07612178884907705,0.10633237251378332
tau,Ridge,3654,0.7599302747923977,0.741357804127379,0.7765274305598118,3.4285019185542684,0.7890694985649516,3.694123539988616,9.79681228855663,12.254885910685996
tau,ExtraTrees,3654,0.8752032706050525,0.8644596982205525,0.8843759397128362,-3.879109901932224,1.2366147906607212,2.7138231462752067,7.437463285004842,10.32598331043138
threshold_i_long_square,Ridge,3654,0.7364531845027363,0.7149778761154253,0.7576914654974194,20.55222566184294,0.8215929120114571,35.14966810787915,90.73234836085082,116.26662636190227
threshold_i_long_square,ExtraTrees,3654,0.8083066781428999,0.7926353964175694,0.8243661187921204,-14.418005298156723,1.1215514026874662,26.948161992538196,76.72275002384607,101.8906022539603
threshold_v_long_square,Ridge,3654,0.2686283478985026,0.23367900530488686,0.30126149403379965,-24.59750122658467,0.3040682567031559,4.556553005647661,11.719103451030591,14.760180800934029
threshold_v_long_square,ExtraTrees,3654,0.4308585675294034,0.39692471182988587,0.4622715881743106,9.977458791562178,1.282562131512659,3.4483954404769737,9.381847650123023,12.11730801339659
upstroke_downstroke_ratio_long_square,Ridge,3654,0.8800359645366196,0.8701872969726664,0.8899555580328379,0.26336488976988687,0.8930213990745363,0.271772477711489,0.7632342415115513,0.9380371069724074
upstroke_downstroke_ratio_long_square,ExtraTrees,3654,0.9091028060571216,0.901309692879679,0.9156923332292759,-0.6239534216261613,1.2538049529525495,0.24924129507407222,0.7016016704410957,0.9298236674525293
vrest,Ridge,3654,0.19956988054729563,0.16922987728175015,0.23587425519659022,-50.99955315380988,0.25220605334309903,4.828425984227394,11.97929772496033,14.658351012516023
vrest,ExtraTrees,3654,0.3238786194591766,0.2865003267981341,0.35769160386148746,16.227938976872192,1.2379362249627752,3.945377627960873,9.377986111283112,11.606883551605272
