target,model,fold,n,q90,q95,coverage90,coverage95
adaptation,Ridge,1,731,0.19842891362329668,0.26962021216687826,0.8974008207934336,0.948016415868673
adaptation,Ridge,2,731,0.19898104105219028,0.27096069018223595,0.9015047879616963,0.9521203830369357
adaptation,Ridge,3,731,0.19966879448354938,0.2732223605017848,0.908344733242134,0.9562243502051984
adaptation,Ridge,4,731,0.19770031052870837,0.2664695556996124,0.8850889192886456,0.9384404924760602
adaptation,Ridge,5,730,0.19970123502968778,0.27377328037213167,0.9082191780821918,0.9575342465753425
adaptation,ExtraTrees,1,731,0.1242534003583662,0.2180746297581586,0.8768809849521204,0.9425444596443229
adaptation,ExtraTrees,2,731,0.12720622350006977,0.21917929467282607,0.8946648426812586,0.948016415868673
adaptation,ExtraTrees,3,731,0.1293463560131026,0.2201385122137317,0.9124487004103967,0.9507523939808481
adaptation,ExtraTrees,4,731,0.12776756344950818,0.22357269544342562,0.9015047879616963,0.957592339261286
adaptation,ExtraTrees,5,730,0.13020261979926057,0.21962370407742554,0.915068493150685,0.9493150684931507
avg_isi,Ridge,1,731,63.419452704695615,81.44223086331914,0.905608755129959,0.9425444596443229
avg_isi,Ridge,2,731,62.53997046805186,81.44368777940346,0.8864569083447332,0.9425444596443229
avg_isi,Ridge,3,731,63.41057118873425,83.05111369939684,0.905608755129959,0.9616963064295485
avg_isi,Ridge,4,731,63.29107047888031,81.75211311841353,0.9015047879616963,0.945280437756498
avg_isi,Ridge,5,730,63.29645799182705,82.88795931504166,0.9013698630136986,0.9575342465753425
avg_isi,ExtraTrees,1,731,42.77533700039432,65.27979034951159,0.8946648426812586,0.9439124487004104
avg_isi,ExtraTrees,2,731,43.448772102217426,66.9551362290439,0.9097127222982216,0.9589603283173734
avg_isi,ExtraTrees,3,731,43.609341957142746,66.55106968403575,0.9110807113543091,0.9548563611491108
avg_isi,ExtraTrees,4,731,42.98556701374664,66.00843498029883,0.8987688098495212,0.9493844049247606
avg_isi,ExtraTrees,5,730,42.395251129554346,65.27925741204598,0.8876712328767123,0.9438356164383561
f_i_curve_slope,Ridge,1,731,0.37367994902554025,0.48151336938679534,0.8905608755129959,0.9534883720930233
f_i_curve_slope,Ridge,2,731,0.37349763556420057,0.46929390072123695,0.8864569083447332,0.9439124487004104
f_i_curve_slope,Ridge,3,731,0.38060006730507573,0.48477634001311315,0.9124487004103967,0.9630642954856361
f_i_curve_slope,Ridge,4,731,0.3802466244810651,0.48151336938679534,0.9097127222982216,0.9534883720930233
f_i_curve_slope,Ridge,5,730,0.3775235395960414,0.46535069426729253,0.9027397260273973,0.9356164383561644
f_i_curve_slope,ExtraTrees,1,731,0.2781328175359668,0.4079431443815535,0.8809849521203831,0.9644322845417237
f_i_curve_slope,ExtraTrees,2,731,0.2811020027135864,0.3841361347656107,0.8987688098495212,0.9398084815321477
f_i_curve_slope,ExtraTrees,3,731,0.28133624809306906,0.3966339487259558,0.9001367989056087,0.9507523939808481
f_i_curve_slope,ExtraTrees,4,731,0.28542259410047055,0.40047852473602474,0.9179206566347469,0.9562243502051984
f_i_curve_slope,ExtraTrees,5,730,0.28161210685704924,0.3835678499120938,0.9041095890410958,0.9383561643835616
latency,Ridge,1,731,0.04205568782510038,0.05071062215344957,0.945280437756498,0.9781121751025992
latency,Ridge,2,731,0.04072514504041904,0.04927895258302388,0.896032831737346,0.9521203830369357
latency,Ridge,3,731,0.03979357295710137,0.04807445189295344,0.8604651162790697,0.9302325581395349
latency,Ridge,4,731,0.04084721736626456,0.04907158995912322,0.9028727770177839,0.9466484268125855
latency,Ridge,5,730,0.04045447906371496,0.04863646712539526,0.8821917808219178,0.9410958904109589
latency,ExtraTrees,1,731,0.02189278652958148,0.027351143181818284,0.9370725034199726,0.9658002735978112
latency,ExtraTrees,2,731,0.02150766005903183,0.02656292124833506,0.9015047879616963,0.9411764705882353
latency,ExtraTrees,3,731,0.021254943629148627,0.026771512419733204,0.8782489740082079,0.945280437756498
latency,ExtraTrees,4,731,0.021341201580086504,0.026921250537517923,0.8919288645690835,0.9493844049247606
latency,ExtraTrees,5,730,0.02129911371933621,0.026547362851731586,0.8890410958904109,0.9397260273972603
ri,Ridge,1,731,105.14124437591079,125.84023875174164,0.9097127222982216,0.9493844049247606
ri,Ridge,2,731,106.03698578666136,127.72689556418293,0.9247606019151847,0.9616963064295485
ri,Ridge,3,731,104.15416039957154,125.77379605291573,0.8987688098495212,0.948016415868673
ri,Ridge,4,731,102.34103162557506,124.56063355131724,0.8782489740082079,0.9343365253077975
ri,Ridge,5,730,103.03788688950044,125.77360929214242,0.8876712328767123,0.947945205479452
ri,ExtraTrees,1,731,89.46155219676302,110.89145047845749,0.9179206566347469,0.9534883720930233
ri,ExtraTrees,2,731,87.25694968776371,110.19581152994229,0.8864569083447332,0.945280437756498
ri,ExtraTrees,3,731,90.39055197032285,113.00866826994597,0.9247606019151847,0.9616963064295485
ri,ExtraTrees,4,731,87.60576092121741,109.52292219547806,0.8905608755129959,0.9411764705882353
ri,ExtraTrees,5,730,86.98870967624681,110.24467713277977,0.8835616438356164,0.9452054794520548
sag,Ridge,1,731,0.10642757164440707,0.12784561847402742,0.9233926128590971,0.9644322845417237
sag,Ridge,2,731,0.10307960305472066,0.12408547211036487,0.8755129958960328,0.9316005471956225
sag,Ridge,3,731,0.10502200088352918,0.1258394800122376,0.8974008207934336,0.945280437756498
sag,Ridge,4,731,0.10549075958284201,0.12708928717597,0.905608755129959,0.957592339261286
sag,Ridge,5,730,0.10471190561977867,0.12639599607023502,0.8945205479452055,0.947945205479452
sag,ExtraTrees,1,731,0.07612375640260301,0.10601657745424349,0.9001367989056087,0.948016415868673
sag,ExtraTrees,2,731,0.0755885432749489,0.1055449253010271,0.8891928864569083,0.945280437756498
sag,ExtraTrees,3,731,0.0769899528295789,0.10661230590178987,0.9151846785225718,0.9534883720930233
sag,ExtraTrees,4,731,0.07722282891544438,0.10697912834685731,0.9165526675786594,0.9589603283173734
sag,ExtraTrees,5,730,0.07517778467632501,0.10521960049911146,0.8780821917808219,0.9410958904109589
tau,Ridge,1,731,9.91976000782263,12.417232392788957,0.9179206566347469,0.9562243502051984
tau,Ridge,2,731,9.788126635417632,12.135253099787516,0.8987688098495212,0.945280437756498
tau,Ridge,3,731,9.651128946931456,12.001474213109796,0.8796169630642955,0.9343365253077975
tau,Ridge,4,731,9.656116352498112,12.020874342414757,0.8809849521203831,0.9370725034199726
tau,Ridge,5,730,9.911828754861444,12.668612107867407,0.9164383561643835,0.9671232876712329
tau,ExtraTrees,1,731,7.368037084937331,10.31383814631278,0.8919288645690835,0.9493844049247606
tau,ExtraTrees,2,731,7.270064191183789,10.128094813220013,0.8768809849521204,0.9343365253077975
tau,ExtraTrees,3,731,7.624674032794384,10.50717133563659,0.9302325581395349,0.9644322845417237
tau,ExtraTrees,4,731,7.577225764590534,10.420052880280222,0.9151846785225718,0.957592339261286
tau,ExtraTrees,5,730,7.311623398872887,10.199044316412241,0.8876712328767123,0.9397260273972603
threshold_i_long_square,Ridge,1,731,90.85956192488935,116.48174884417004,0.9015047879616963,0.9534883720930233
threshold_i_long_square,Ridge,2,731,92.380885027394,116.26437050601264,0.9192886456908345,0.9507523939808481
threshold_i_long_square,Ridge,3,731,91.04680214014381,117.05355630958015,0.9042407660738714,0.9562243502051984
threshold_i_long_square,Ridge,4,731,89.58483360977495,116.232004490663,0.8823529411764706,0.9493844049247606
threshold_i_long_square,Ridge,5,730,90.17743536389155,115.043713503966,0.8904109589041096,0.9424657534246575
threshold_i_long_square,ExtraTrees,1,731,77.93009156203999,103.93952434007329,0.9151846785225718,0.9644322845417237
threshold_i_long_square,ExtraTrees,2,731,77.4318782150062,99.89212527194897,0.9069767441860465,0.93296853625171
threshold_i_long_square,ExtraTrees,3,731,75.61512071610316,102.01446187204517,0.8905608755129959,0.9507523939808481
threshold_i_long_square,ExtraTrees,4,731,75.55404947431987,102.27649753437113,0.8878248974008208,0.9534883720930233
threshold_i_long_square,ExtraTrees,5,730,76.31191143708199,101.06093383525013,0.8972602739726028,0.9424657534246575
threshold_v_long_square,Ridge,1,731,11.71528729293341,14.74518616057109,0.8987688098495212,0.9466484268125855
threshold_v_long_square,Ridge,2,731,11.685239008951335,14.512346831318746,0.8946648426812586,0.9357045143638851
threshold_v_long_square,Ridge,3,731,11.754155268734554,15.011009167668286,0.905608755129959,0.9671682626538988
threshold_v_long_square,Ridge,4,731,11.685447567587412,14.5655889914498,0.8946648426812586,0.9384404924760602
threshold_v_long_square,Ridge,5,730,11.774598041614265,14.830393079879263,0.9082191780821918,0.9575342465753425
threshold_v_long_square,ExtraTrees,1,731,9.407571316362965,12.325185156189526,0.905608755129959,0.960328317373461
threshold_v_long_square,ExtraTrees,2,731,9.301465097181719,12.051370841807625,0.8864569083447332,0.945280437756498
threshold_v_long_square,ExtraTrees,3,731,9.398255748220159,12.07753987119897,0.9028727770177839,0.9466484268125855
threshold_v_long_square,ExtraTrees,4,731,9.38567482638806,12.154698170321836,0.9015047879616963,0.9521203830369357
threshold_v_long_square,ExtraTrees,5,730,9.396727222806035,12.088602786609108,0.9027397260273973,0.947945205479452
upstroke_downstroke_ratio_long_square,Ridge,1,731,0.7608986327159125,0.9354570078219198,0.896032831737346,0.948016415868673
upstroke_downstroke_ratio_long_square,Ridge,2,731,0.7631843592060732,0.9243044134233859,0.8987688098495212,0.9357045143638851
upstroke_downstroke_ratio_long_square,Ridge,3,731,0.7664834468877952,0.948939951394918,0.905608755129959,0.9616963064295485
upstroke_downstroke_ratio_long_square,Ridge,4,731,0.7631255516497034,0.9310060001111717,0.8987688098495212,0.9439124487004104
upstroke_downstroke_ratio_long_square,Ridge,5,730,0.7625230870992225,0.9397179507589865,0.8972602739726028,0.9547945205479452
upstroke_downstroke_ratio_long_square,ExtraTrees,1,731,0.6897439290057815,0.9232043726355443,0.8864569083447332,0.9425444596443229
upstroke_downstroke_ratio_long_square,ExtraTrees,2,731,0.705670086327678,0.9334881079430002,0.9069767441860465,0.9521203830369357
upstroke_downstroke_ratio_long_square,ExtraTrees,3,731,0.7033692988988716,0.9334881079430002,0.9042407660738714,0.9521203830369357
upstroke_downstroke_ratio_long_square,ExtraTrees,4,731,0.6858330781542399,0.9133589784915233,0.8837209302325582,0.9357045143638851
upstroke_downstroke_ratio_long_square,ExtraTrees,5,730,0.711232685103846,0.9562200419178774,0.9164383561643835,0.963013698630137
vrest,Ridge,1,731,11.89084509268916,14.66407493775228,0.8946648426812586,0.9507523939808481
vrest,Ridge,2,731,11.849017237559186,14.685435649777283,0.893296853625171,0.9534883720930233
vrest,Ridge,3,731,12.01508484848128,14.634463595501382,0.908344733242134,0.948016415868673
vrest,Ridge,4,731,11.823849415870361,14.60153937566824,0.8891928864569083,0.9439124487004104
vrest,Ridge,5,730,12.011076299412375,14.719938900546563,0.9068493150684932,0.9547945205479452
vrest,ExtraTrees,1,731,9.473288556353804,11.594441249810554,0.9124487004103967,0.948016415868673
vrest,ExtraTrees,2,731,9.271456670036013,11.495844187664403,0.8850889192886456,0.9398084815321477
vrest,ExtraTrees,3,731,9.307570950004877,11.591006369863775,0.8891928864569083,0.948016415868673
vrest,ExtraTrees,4,731,9.416743551835433,11.734836241122835,0.908344733242134,0.957592339261286
vrest,ExtraTrees,5,730,9.4131492119282,11.702456989743707,0.9068493150684932,0.9547945205479452
