model,fold,target,n,r2,mae,spearman
Ridge,1,vrest,731,-0.29574580561779995,5.707821450573014,0.2500138089171505
ExtraTrees,1,vrest,731,0.15801114681051653,4.684426091887131,0.3843526382711912
Ridge,1,ri,731,0.48509284771317007,49.66485294141563,0.7478007588745615
ExtraTrees,1,ri,731,0.5530734926054792,43.68142196259651,0.8112701417723578
Ridge,1,tau,731,0.542736196693413,4.729811963946157,0.749778458273569
ExtraTrees,1,tau,731,0.6688827886515576,3.7705941085596586,0.8651435589772861
Ridge,1,f_i_curve_slope,731,0.204824363225659,0.1861684307276084,0.49398376624214557
ExtraTrees,1,f_i_curve_slope,731,0.5104044413748374,0.1397526410467294,0.6301208966930741
Ridge,1,adaptation,731,-0.12526061081534934,0.09865854577736466,0.4200391810743798
ExtraTrees,1,adaptation,731,0.20916344562017763,0.06926461755650895,0.7161259274938151
Ridge,1,latency,731,-0.022978826362474836,0.01930060593006199,0.40930179754373763
ExtraTrees,1,latency,731,0.07421493532644174,0.012388344368117548,0.6381734387229931
Ridge,1,avg_isi,731,0.05476388462770376,31.974592488899262,0.5204177091483977
ExtraTrees,1,avg_isi,731,0.2594671662350597,23.420592643541518,0.682855750752392
Ridge,1,upstroke_downstroke_ratio_long_square,731,0.7071947079658497,0.3630977662079641,0.8696831444885831
ExtraTrees,1,upstroke_downstroke_ratio_long_square,731,0.7383069952765569,0.3427233712320448,0.8963575179339279
Ridge,1,threshold_v_long_square,731,-0.3166220766476058,5.572948416212168,0.25797553668679113
ExtraTrees,1,threshold_v_long_square,731,0.1440201548690051,4.305352708040954,0.4475550537613801
Ridge,1,threshold_i_long_square,731,0.576991685312802,44.13657667544435,0.7471148717263885
ExtraTrees,1,threshold_i_long_square,731,0.6837013428945818,35.614867192867926,0.8124598667311155
Ridge,1,sag,731,0.093179310047664,0.047916602676150576,0.4919903672434667
ExtraTrees,1,sag,731,0.14835019378602887,0.04278810211598698,0.5839572946564867
Ridge,2,vrest,731,-0.34166400074376324,5.898858007271185,0.18201191161187083
ExtraTrees,2,vrest,731,0.09550077575210425,4.735776368591734,0.3134902214741411
Ridge,2,ri,731,0.5138893745553216,49.56102098685744,0.7464839004954589
ExtraTrees,2,ri,731,0.5676264438721514,44.641285235441906,0.8022772118719987
Ridge,2,tau,731,0.5635755523252668,4.693271693770497,0.7671572339525483
ExtraTrees,2,tau,731,0.6460934463057627,3.8172059157488136,0.88006926270213
Ridge,2,f_i_curve_slope,731,0.2980871389729156,0.18854358433083337,0.4784558790499122
ExtraTrees,2,f_i_curve_slope,731,0.5199678890977961,0.14609951290335607,0.6414320072775337
Ridge,2,adaptation,731,-0.24714498961810727,0.09853521979233287,0.37346460662404085
ExtraTrees,2,adaptation,731,0.20300331820911133,0.06629420969956963,0.6725019761036612
Ridge,2,latency,731,-0.46852623604116395,0.0198837685655906,0.3205711243494122
ExtraTrees,2,latency,731,0.2334005580426819,0.011583751545586994,0.5824007596601618
Ridge,2,avg_isi,731,-0.0878023372197776,31.909727193533246,0.4142180114223708
ExtraTrees,2,avg_isi,731,0.23790167640423554,22.036949561188337,0.6337361571652624
Ridge,2,upstroke_downstroke_ratio_long_square,731,0.670879676471294,0.3560535196325461,0.8798222075036335
ExtraTrees,2,upstroke_downstroke_ratio_long_square,731,0.6847885145525654,0.33578498695845754,0.9088255416121503
Ridge,2,threshold_v_long_square,731,-0.32591113344069456,5.828484412262893,0.20331052176593958
ExtraTrees,2,threshold_v_long_square,731,0.1305837707363916,4.604744419077769,0.44194254104869624
Ridge,2,threshold_i_long_square,731,0.5869364097492124,42.7164752490183,0.7405560052080865
ExtraTrees,2,threshold_i_long_square,731,0.6589982769160134,36.54829148065155,0.8160013920865574
Ridge,2,sag,731,-0.16816299471981577,0.0531086148754252,0.43417533423262816
ExtraTrees,2,sag,731,0.28981429066352593,0.040193752823275225,0.5774716502470091
Ridge,3,vrest,731,-0.2801647437333106,5.593827728990073,0.19655071989156853
ExtraTrees,3,vrest,731,0.09431231336213519,4.722211744215547,0.2735763989477574
Ridge,3,ri,731,0.38414928535788795,50.72360008171607,0.697625743927624
ExtraTrees,3,ri,731,0.5685882484635356,40.50273354741446,0.7929902398827978
Ridge,3,tau,731,0.44047451089017375,4.849319598607193,0.7143119365262909
ExtraTrees,3,tau,731,0.6469424535866168,3.461633379452039,0.8782078083819973
Ridge,3,f_i_curve_slope,731,0.35934686365503465,0.17964561080496227,0.5457484189381688
ExtraTrees,3,f_i_curve_slope,731,0.5689483350277367,0.13539532871800278,0.685546117949654
Ridge,3,adaptation,731,-0.2605947036068297,0.09382331835441411,0.43119309965798736
ExtraTrees,3,adaptation,731,0.19045965311145485,0.062135020466875926,0.7019866408326763
Ridge,3,latency,731,-1.1208386926032663,0.021247787674751755,0.30790430136955044
ExtraTrees,3,latency,731,0.25751549597424794,0.011557147678861254,0.6062050852259341
Ridge,3,avg_isi,731,0.021290801765873724,28.93950573283442,0.5407685663945375
ExtraTrees,3,avg_isi,731,0.32500091459827385,20.714635905030324,0.6932787491461876
Ridge,3,upstroke_downstroke_ratio_long_square,731,0.7496913706981272,0.3392305979780208,0.8930407665654012
ExtraTrees,3,upstroke_downstroke_ratio_long_square,731,0.7425965016390648,0.3343997556171544,0.9128061655048642
Ridge,3,threshold_v_long_square,731,-0.126372601115591,5.563333856457683,0.31068313915849427
ExtraTrees,3,threshold_v_long_square,731,0.15664121306700407,4.5262099664607875,0.4472946273919369
Ridge,3,threshold_i_long_square,731,0.5914279212369966,41.98451812273011,0.7455639425802832
ExtraTrees,3,threshold_i_long_square,731,0.686814671938017,35.76222715649802,0.8051685665095257
Ridge,3,sag,731,-0.21850056521739014,0.05027147509749481,0.39092847841093314
ExtraTrees,3,sag,731,0.28235838431259863,0.036909934616251264,0.5516471626592134
Ridge,4,vrest,731,-0.4633488364991234,5.926527285929123,0.1559675565712474
ExtraTrees,4,vrest,731,0.09741176770772142,4.63623923683936,0.31768635049212895
Ridge,4,ri,731,0.45064917735047794,50.70594114811855,0.7006016249210597
ExtraTrees,4,ri,731,0.5423963401601536,44.462386540585385,0.7847025449191153
Ridge,4,tau,731,0.4632990256645412,4.845281562133495,0.7394574063259279
ExtraTrees,4,tau,731,0.65892692495848,3.591020931817221,0.8772082516804945
Ridge,4,f_i_curve_slope,731,0.3598455754839688,0.17485865909587053,0.5338375825926727
ExtraTrees,4,f_i_curve_slope,731,0.5343119894417936,0.13971673354245182,0.6411795408881887
Ridge,4,adaptation,731,-0.34291313853901606,0.10028292663693338,0.3709684336448506
ExtraTrees,4,adaptation,731,0.2301342255548574,0.06323399699932687,0.7237199410287045
Ridge,4,latency,731,-0.2925431458778778,0.020591841821210412,0.32869643215758265
ExtraTrees,4,latency,731,0.15971814440661458,0.012116677521204511,0.6559742928487196
Ridge,4,avg_isi,731,-0.042817640406104474,29.990547614617398,0.5339589423103605
ExtraTrees,4,avg_isi,731,0.3233324535726333,21.539321637633734,0.7113572791683598
Ridge,4,upstroke_downstroke_ratio_long_square,731,0.7452340082026063,0.35895827012403264,0.8838947782017565
ExtraTrees,4,upstroke_downstroke_ratio_long_square,731,0.7400708436507278,0.3402615517678105,0.9165054499909835
Ridge,4,threshold_v_long_square,731,-0.35221877912350585,5.684462751892824,0.27530511719718886
ExtraTrees,4,threshold_v_long_square,731,0.13251878002685025,4.3730900407381155,0.4090323743673658
Ridge,4,threshold_i_long_square,731,0.5163759392809792,44.75651108044516,0.6918799743531158
ExtraTrees,4,threshold_i_long_square,731,0.6536428756508915,36.11431717224705,0.7842951134177409
Ridge,4,sag,731,-0.09539593252608491,0.04946911184061274,0.49474957014177257
ExtraTrees,4,sag,731,0.22063595456659246,0.03772357455975423,0.6131377023989423
Ridge,5,vrest,730,-0.32664001406276455,5.7919894515766215,0.21131253456314303
ExtraTrees,5,vrest,730,0.10961674762159479,4.664150280389498,0.3362655294597318
Ridge,5,ri,730,0.42822260924344147,51.63569462470927,0.7365300866412386
ExtraTrees,5,ri,730,0.5571064269654633,43.56258200106817,0.80405495137986
Ridge,5,tau,730,0.4196863403615332,4.634240703866632,0.8201896491372969
ExtraTrees,5,tau,730,0.443043219430327,4.035859626951372,0.871484974137457
Ridge,5,f_i_curve_slope,730,0.42107903761225385,0.1788299433337293,0.5929228404449147
ExtraTrees,5,f_i_curve_slope,730,0.5678339313130987,0.14203855045637526,0.6918714190441014
Ridge,5,adaptation,730,-0.2133377204706084,0.09286518725341554,0.42343087089905
ExtraTrees,5,adaptation,730,0.2216124079615991,0.061976311578776234,0.726019130253858
Ridge,5,latency,730,-0.6559048591148364,0.02076187945652956,0.31564625241798744
ExtraTrees,5,latency,730,0.11463875655665079,0.012044113524584212,0.5868192680904266
Ridge,5,avg_isi,730,0.04978803558639655,30.116656279606314,0.501115748972009
ExtraTrees,5,avg_isi,730,0.2870020867022308,21.23383442564079,0.6699761735156436
Ridge,5,upstroke_downstroke_ratio_long_square,730,0.7049809461692786,0.3550003466692481,0.8726952577073448
ExtraTrees,5,upstroke_downstroke_ratio_long_square,730,0.7561531209713312,0.31653452593764264,0.9084624918130031
Ridge,5,threshold_v_long_square,730,-0.2505686600817367,5.4844217068631185,0.29620027223473416
ExtraTrees,5,threshold_v_long_square,730,0.14780863853146486,4.363423199831385,0.4208381064671834
Ridge,5,threshold_i_long_square,730,0.5663506998987665,44.21829127476997,0.7478540732324853
ExtraTrees,5,threshold_i_long_square,730,0.6847882179224402,35.65860533585394,0.8231460239361529
Ridge,5,sag,730,-0.01987004695441441,0.05233991402580716,0.4618622095163269
ExtraTrees,5,sag,730,0.18990852747779108,0.04162060912813609,0.5941158039482513
