model,target,r2_mean,r2_sd,spearman_mean,spearman_sd,mae_mean,mae_sd
ExtraTrees,adaptation,0.21087461009144004,0.015555456270536299,0.708070723142543,0.021989096609979254,0.06458083126021152,0.0031405809765039593
ExtraTrees,avg_isi,0.28654085950248664,0.03850897610404337,0.6782408219495691,0.029125187391027253,21.78906683460694,1.0305799126178257
ExtraTrees,f_i_curve_slope,0.5402933172510525,0.027027022032659498,0.6580299963705104,0.028463695174854725,0.14060055333338306,0.0039019497704094147
ExtraTrees,latency,0.16789757806132738,0.07746265931120583,0.613914568909647,0.03218782681782931,0.011938006927670903,0.00035935227991118864
ExtraTrees,ri,0.5577581904133566,0.010874628913694447,0.7990590179652259,0.010336416848642607,43.37008185742128,1.6706857010256946
ExtraTrees,sag,0.22621347016130738,0.06043418549332609,0.5840659227819806,0.02258672574647549,0.03984719464868076,0.002502563535446082
ExtraTrees,tau,0.6127777665865488,0.09534738482340017,0.8744227711758731,0.00609718593522445,3.7352627925058206,0.22022727140539675
ExtraTrees,threshold_i_long_square,0.6735890770643888,0.01591648073333062,0.8082141925362185,0.014857859863827412,35.939661667623696,0.39271551815522715
ExtraTrees,threshold_v_long_square,0.14231451144614318,0.010861809965276751,0.43333254060731247,0.017449647698239548,4.434564066829802,0.1253953520786189
ExtraTrees,upstroke_downstroke_ratio_long_square,0.7323831952180492,0.027517112728142123,0.9085914333709859,0.007585112812888567,0.333940838302622,0.010291689643579459
ExtraTrees,vrest,0.11097055025081444,0.026996767721260265,0.3250742277289901,0.04024913505591988,4.688560744384654,0.04096404281326835
Ridge,adaptation,-0.23785023260998214,0.0789290882030525,0.40381923838006173,0.029144510602875623,0.0968330395628921,0.0032761976817186544
Ridge,avg_isi,-0.0009554511291816059,0.062187752218188445,0.5020957956495351,0.05140525575914092,30.58620586189813,1.319681118127707
Ridge,f_i_curve_slope,0.32863659578996635,0.08173962359273329,0.5289896974535628,0.04519647533631589,0.1816092456586008,0.005612976561216353
Ridge,latency,-0.5121583519999239,0.4124881889068721,0.3364239815676541,0.04143455789111903,0.020357176689628866,0.0007668925938839108
Ridge,ri,0.4524006588440598,0.05023827506377781,0.7258084229719886,0.024777703420664408,50.45822195656339,0.8591618307459136
Ridge,sag,-0.08175004587400825,0.12327157653012936,0.4547411919090255,0.04339901263171041,0.050621143703098094,0.0021157547097756966
Ridge,tau,0.4859543251869856,0.0636835099377689,0.7581789368431266,0.03959581960294757,4.750385104464795,0.09482627456501862
Ridge,threshold_i_long_square,0.5676165310957513,0.0302296795648907,0.7345937734200719,0.02404669885837502,43.56247448048158,1.160934253800479
Ridge,threshold_v_long_square,-0.2743386500818268,0.09079081420052329,0.2686949174086296,0.041693148021257447,5.626730228737737,0.13341766522344442
Ridge,upstroke_downstroke_ratio_long_square,0.7155961419014312,0.03249506308178169,0.8798272308933438,0.009285876665808306,0.35446810012236235,0.009077597099475745
Ridge,vrest,-0.34151268013135233,0.07232469183381436,0.19917130631099605,0.035000877795865505,5.783804784868003,0.1374215175238754
