fold,target,spearman,r2,experiment
1,vrest,0.3810232914498687,0.1568332286011449,grouped_real
1,ri,0.8095215548497983,0.5529896048692304,grouped_real
1,tau,0.8648180126034402,0.6673908765732559,grouped_real
1,f_i_curve_slope,0.6270269617664711,0.5086273308854317,grouped_real
1,adaptation,0.7109683660594941,0.21386347546137263,grouped_real
1,latency,0.6346948487151826,0.07141336339310855,grouped_real
1,avg_isi,0.6801948538066902,0.25813078640915443,grouped_real
1,upstroke_downstroke_ratio_long_square,0.8940126132707534,0.7339411495549744,grouped_real
1,threshold_v_long_square,0.43648066758777254,0.13854517677232436,grouped_real
1,threshold_i_long_square,0.8105340201450795,0.6818241921423508,grouped_real
1,sag,0.5926594008312385,0.1521192597905454,grouped_real
2,vrest,0.3102673830304844,0.0932412892897243,grouped_real
2,ri,0.8033044632487911,0.5712346018308754,grouped_real
2,tau,0.8781470430024119,0.644040127006113,grouped_real
2,f_i_curve_slope,0.6375508409934781,0.5197503835674537,grouped_real
2,adaptation,0.6739059082811416,0.20855311739644244,grouped_real
2,latency,0.5916914492632708,0.23532100400743805,grouped_real
2,avg_isi,0.6336893082246257,0.24505297806262816,grouped_real
2,upstroke_downstroke_ratio_long_square,0.9090360085563063,0.6823770269079958,grouped_real
2,threshold_v_long_square,0.4292342682894371,0.1309566078891926,grouped_real
2,threshold_i_long_square,0.819672885826225,0.6626775887898105,grouped_real
2,sag,0.5732519892367248,0.2854798236337567,grouped_real
3,vrest,0.2778234934686433,0.09735707413542882,grouped_real
3,ri,0.7918565415306571,0.5687356395853005,grouped_real
3,tau,0.8737845618456701,0.6483531365457185,grouped_real
3,f_i_curve_slope,0.6889136358870998,0.5731676165108246,grouped_real
3,adaptation,0.6999751470211908,0.18832128892132538,grouped_real
3,latency,0.6087361125913039,0.26378446640408204,grouped_real
3,avg_isi,0.6944804167933667,0.3235354147961974,grouped_real
3,upstroke_downstroke_ratio_long_square,0.9110459356163463,0.7384750855874662,grouped_real
3,threshold_v_long_square,0.4440827666598526,0.16017438571523124,grouped_real
3,threshold_i_long_square,0.8045096425744658,0.6852403921923778,grouped_real
3,sag,0.5505758733180078,0.27906640460754284,grouped_real
4,vrest,0.31083187436005116,0.09509659323244402,grouped_real
4,ri,0.7827423543867648,0.5393370418734131,grouped_real
4,tau,0.8752269562351025,0.6540777832470848,grouped_real
4,f_i_curve_slope,0.6479303661265687,0.5305038681351457,grouped_real
4,adaptation,0.7213669875639873,0.23262315700047564,grouped_real
4,latency,0.6447926877759537,0.16370978781755763,grouped_real
4,avg_isi,0.7100534193893587,0.32603071438764586,grouped_real
4,upstroke_downstroke_ratio_long_square,0.9152046469233457,0.7405657270739638,grouped_real
4,threshold_v_long_square,0.40538248364304896,0.13160729139921334,grouped_real
4,threshold_i_long_square,0.7837705650380138,0.6507148649696409,grouped_real
4,sag,0.6206649600340138,0.2245829420431652,grouped_real
5,vrest,0.3456537640443676,0.1120980247368949,grouped_real
5,ri,0.80258894580125,0.553910532837254,grouped_real
5,tau,0.8712276172922022,0.4393885933027457,grouped_real
5,f_i_curve_slope,0.688603637729882,0.5671891001110174,grouped_real
5,adaptation,0.7249250166323378,0.22242517093771663,grouped_real
5,latency,0.5723750252657772,0.12954663121148002,grouped_real
5,avg_isi,0.6718651844962565,0.278888959000412,grouped_real
5,upstroke_downstroke_ratio_long_square,0.9067056604084965,0.7574052589239462,grouped_real
5,threshold_v_long_square,0.42767181133544085,0.1522008438187601,grouped_real
5,threshold_i_long_square,0.8197575177865477,0.6845804314133792,grouped_real
5,sag,0.5901835159747946,0.19125647664902523,grouped_real
1,vrest,0.35232295478263165,0.13026711604937802,naive_random_real
1,ri,0.8226279866238747,0.5789649431980373,naive_random_real
1,tau,0.8645476711775796,0.6615249216034547,naive_random_real
1,f_i_curve_slope,0.6494573805599065,0.5254136535718468,naive_random_real
1,adaptation,0.7207648634791161,0.20218368391929065,naive_random_real
1,latency,0.6031309262275241,0.14390553625963665,naive_random_real
1,avg_isi,0.7026585737807289,0.25258182474686164,naive_random_real
1,upstroke_downstroke_ratio_long_square,0.9148063541294499,0.7211905048100141,naive_random_real
1,threshold_v_long_square,0.39867310094556324,0.12239325998188855,naive_random_real
1,threshold_i_long_square,0.8358255406243114,0.6914534406957469,naive_random_real
1,sag,0.5753957045819492,0.19468099560306817,naive_random_real
2,vrest,0.3349045495082705,0.10263256488781491,naive_random_real
2,ri,0.7909982199398723,0.5520215370448676,naive_random_real
2,tau,0.8764190083200646,0.6579927545085122,naive_random_real
2,f_i_curve_slope,0.6769868593089132,0.5201772394879784,naive_random_real
2,adaptation,0.708444145157371,0.2175263183717393,naive_random_real
2,latency,0.6246008755414393,0.1303177576790382,naive_random_real
2,avg_isi,0.6537990189678303,0.3226982898145545,naive_random_real
2,upstroke_downstroke_ratio_long_square,0.8913889804533934,0.7361887400239427,naive_random_real
2,threshold_v_long_square,0.4077966988147248,0.12957561259985184,naive_random_real
2,threshold_i_long_square,0.7858036067752496,0.6615456583447866,naive_random_real
2,sag,0.5981139999072237,0.18649979934428107,naive_random_real
3,vrest,0.36312429284980724,0.13869578976212338,naive_random_real
3,ri,0.8193411849805619,0.5663572910799641,naive_random_real
3,tau,0.8801060967214037,0.45591389392086,naive_random_real
3,f_i_curve_slope,0.6679344402240265,0.578510204049936,naive_random_real
3,adaptation,0.6949702670512479,0.22150478443551125,naive_random_real
3,latency,0.6495423904030484,0.1666713014550496,naive_random_real
3,avg_isi,0.6824837240828109,0.31323807181378893,naive_random_real
3,upstroke_downstroke_ratio_long_square,0.9091378166796359,0.6786272373067086,naive_random_real
3,threshold_v_long_square,0.4857190537799262,0.1660199264650587,naive_random_real
3,threshold_i_long_square,0.8221710920208346,0.6797687071668951,naive_random_real
3,sag,0.5836565705408333,0.15523750827577842,naive_random_real
4,vrest,0.29930718865499917,0.10130514425241344,naive_random_real
4,ri,0.7660237693571512,0.5394763218249565,naive_random_real
4,tau,0.8703367256062176,0.643158600783939,naive_random_real
4,f_i_curve_slope,0.6289091614087269,0.5100866972798941,naive_random_real
4,adaptation,0.7043173218503764,0.20725881834234228,naive_random_real
4,latency,0.5803345697034235,0.08812260447214615,naive_random_real
4,avg_isi,0.6554009351924088,0.2723351483355433,naive_random_real
4,upstroke_downstroke_ratio_long_square,0.9136060689192456,0.753803595511508,naive_random_real
4,threshold_v_long_square,0.4106365067601731,0.13355120327908443,naive_random_real
4,threshold_i_long_square,0.777898514956525,0.6480916183450876,naive_random_real
4,sag,0.5612060053890106,0.2413616892195578,naive_random_real
5,vrest,0.2921185121640285,0.10611928700434314,naive_random_real
5,ri,0.7948970821283553,0.5627569999634352,naive_random_real
5,tau,0.8723563721383684,0.6388456305340078,naive_random_real
5,f_i_curve_slope,0.6552518018411461,0.5657528696671471,naive_random_real
5,adaptation,0.7225897107079866,0.2214333735128119,naive_random_real
5,latency,0.586034145830418,0.2795667366843726,naive_random_real
5,avg_isi,0.7126873286716876,0.28821116039873196,naive_random_real
5,upstroke_downstroke_ratio_long_square,0.9130316477508768,0.7767524262023002,naive_random_real
5,threshold_v_long_square,0.43998594082569337,0.15288919535008094,naive_random_real
5,threshold_i_long_square,0.8081581817026711,0.6687214214749155,naive_random_real
5,sag,0.5662622851224192,0.2913403347183535,naive_random_real
1,vrest,-0.03760716503084503,-0.00955432182365179,grouped_permuted_1
1,ri,-0.14326410219078847,-0.02748431578759125,grouped_permuted_1
1,tau,0.07986807338418005,0.020124987675236072,grouped_permuted_1
1,f_i_curve_slope,-0.10444809057224791,-0.025288776593167306,grouped_permuted_1
1,adaptation,-0.3153804302913881,-0.030671546702630836,grouped_permuted_1
1,latency,-0.05054612500663552,-0.004979571882967271,grouped_permuted_1
1,avg_isi,-0.06217988013260768,-0.008381867196324055,grouped_permuted_1
1,upstroke_downstroke_ratio_long_square,-0.3290760805285667,-0.05340325733157414,grouped_permuted_1
1,threshold_v_long_square,-0.10859124915175435,-0.01579337625738697,grouped_permuted_1
1,threshold_i_long_square,-0.23174031856987837,-0.06227265433502205,grouped_permuted_1
1,sag,0.07578232354154642,0.0040932984212084245,grouped_permuted_1
2,vrest,0.10533027274070603,-0.0014723519046420108,grouped_permuted_1
2,ri,0.11454440383050783,0.0036721171179595613,grouped_permuted_1
2,tau,0.01967216186815756,-0.012127383697020377,grouped_permuted_1
2,f_i_curve_slope,-0.14915462960467696,-0.030776211963386313,grouped_permuted_1
2,adaptation,-0.0624688070539451,-0.01462637841993053,grouped_permuted_1
2,latency,-0.05977837208564649,-0.00047022700802568096,grouped_permuted_1
2,avg_isi,-0.20219558865920473,-0.028313598317162958,grouped_permuted_1
2,upstroke_downstroke_ratio_long_square,-0.17486377710595202,-0.01857831506250207,grouped_permuted_1
2,threshold_v_long_square,0.06420603578139311,0.0008828024993746686,grouped_permuted_1
2,threshold_i_long_square,-0.04569112047408371,-0.01995433988271511,grouped_permuted_1
2,sag,0.00334747198510173,-0.0022927233702190186,grouped_permuted_1
3,vrest,-0.10509378543431118,-0.015368863692030388,grouped_permuted_1
3,ri,-0.12488049775328242,-0.05169176903086048,grouped_permuted_1
3,tau,-0.1710016119107517,-0.046577684917673556,grouped_permuted_1
3,f_i_curve_slope,0.09180973510597396,0.0025687885646695774,grouped_permuted_1
3,adaptation,0.06757832144394271,-0.00916167647677213,grouped_permuted_1
3,latency,0.22784006451340252,0.018050451572169557,grouped_permuted_1
3,avg_isi,-0.013255101336985051,-0.0077921423622542285,grouped_permuted_1
3,upstroke_downstroke_ratio_long_square,0.3583458545446391,0.034835981611522016,grouped_permuted_1
3,threshold_v_long_square,-0.06379985991538487,-0.013606999446273305,grouped_permuted_1
3,threshold_i_long_square,-0.009492322061826274,-0.018375439347011024,grouped_permuted_1
3,sag,-0.03335014775080542,-0.008441013654681084,grouped_permuted_1
4,vrest,0.04752064655838469,-0.00064400377759255,grouped_permuted_1
4,ri,0.04737658586555089,0.0008303933584793421,grouped_permuted_1
4,tau,0.19317741186792714,0.016462360403907472,grouped_permuted_1
4,f_i_curve_slope,-0.08876520016852431,-0.011145109748971649,grouped_permuted_1
4,adaptation,-0.06805043587946827,-0.010805831995334136,grouped_permuted_1
4,latency,0.17382242962205346,0.016976284303155786,grouped_permuted_1
4,avg_isi,0.11455257199570473,0.0020210520694609047,grouped_permuted_1
4,upstroke_downstroke_ratio_long_square,-0.21526018979811332,-0.034707096506431334,grouped_permuted_1
4,threshold_v_long_square,0.16471583060588957,0.012039330944955573,grouped_permuted_1
4,threshold_i_long_square,0.1394124617333168,0.01503532741299396,grouped_permuted_1
4,sag,0.1738828063774771,0.009231128734299654,grouped_permuted_1
5,vrest,-0.14160180498363217,-0.024378382575331647,grouped_permuted_1
5,ri,-0.2564747377972678,-0.057228190329903006,grouped_permuted_1
5,tau,-0.3719528697347285,-0.0515360639244562,grouped_permuted_1
5,f_i_curve_slope,-0.061047574774770505,-0.011470623031868188,grouped_permuted_1
5,adaptation,-0.08244582161049459,-0.011489465876841853,grouped_permuted_1
5,latency,0.12854949961833068,-0.0009349666399496304,grouped_permuted_1
5,avg_isi,-0.084301040295572,-0.005587354955096879,grouped_permuted_1
5,upstroke_downstroke_ratio_long_square,0.27915822132580725,0.019842791620619527,grouped_permuted_1
5,threshold_v_long_square,-0.14658188206502976,-0.02235183534266727,grouped_permuted_1
5,threshold_i_long_square,-0.11351443848919678,-0.03554390579015965,grouped_permuted_1
5,sag,-0.13256383852531411,-0.01592656543798654,grouped_permuted_1
1,vrest,0.013121051824758544,-0.005093324663484999,grouped_permuted_2
1,ri,0.24646401641267598,0.03263322605435748,grouped_permuted_2
1,tau,0.22219063801498123,0.022784799545199297,grouped_permuted_2
1,f_i_curve_slope,0.09637251551606296,-0.0007989297376786997,grouped_permuted_2
1,adaptation,0.11459923573250086,0.0048918264242278076,grouped_permuted_2
1,latency,0.11478125880413087,0.002700003774885995,grouped_permuted_2
1,avg_isi,-0.09948523075242185,-0.012093892664539974,grouped_permuted_2
1,upstroke_downstroke_ratio_long_square,0.0918960242299647,0.002705110616159856,grouped_permuted_2
1,threshold_v_long_square,0.043938727289318545,-0.0007264857001458846,grouped_permuted_2
1,threshold_i_long_square,0.06515005027017998,0.000633577583149636,grouped_permuted_2
1,sag,0.018739207463389473,-0.0007900114455858809,grouped_permuted_2
2,vrest,0.017920287987348023,-0.014445592329353385,grouped_permuted_2
2,ri,-0.03139117203880032,-0.024815950737786086,grouped_permuted_2
2,tau,-0.07971161328396326,-0.015574208260024314,grouped_permuted_2
2,f_i_curve_slope,-0.13794943719325672,-0.022715454068171326,grouped_permuted_2
2,adaptation,-0.014246747377918574,-0.007272783266818683,grouped_permuted_2
2,latency,0.04490254721725317,-0.0046591490567389204,grouped_permuted_2
2,avg_isi,-0.20517929784635647,-0.02245199914886653,grouped_permuted_2
2,upstroke_downstroke_ratio_long_square,-0.19630649098979674,-0.018496181278787382,grouped_permuted_2
2,threshold_v_long_square,-0.12403546950968264,-0.016764974766778407,grouped_permuted_2
2,threshold_i_long_square,-0.10609587919484552,-0.03990139162480455,grouped_permuted_2
2,sag,0.00039227155304697825,-0.003784751522045271,grouped_permuted_2
3,vrest,0.03179986255596144,-0.004829471073327207,grouped_permuted_2
3,ri,0.0834321468433902,-0.011200743878690078,grouped_permuted_2
3,tau,0.24162861662298707,0.010695110079430803,grouped_permuted_2
3,f_i_curve_slope,-0.16572604341849032,-0.03404388832586536,grouped_permuted_2
3,adaptation,-0.06375624665337284,-0.01415850685782094,grouped_permuted_2
3,latency,0.04138079288050293,0.004049333773385344,grouped_permuted_2
3,avg_isi,-0.17626038377008618,-0.02280525567507352,grouped_permuted_2
3,upstroke_downstroke_ratio_long_square,-0.2584447134887776,-0.03461860409395423,grouped_permuted_2
3,threshold_v_long_square,0.007039855091867192,-0.005371500626529135,grouped_permuted_2
3,threshold_i_long_square,-0.03104095884497431,-0.018554491377928528,grouped_permuted_2
3,sag,-0.019893811116746637,-0.004939666346466254,grouped_permuted_2
4,vrest,0.028011211796225236,-0.005258760865555212,grouped_permuted_2
4,ri,0.17905411367903964,0.021937924909532724,grouped_permuted_2
4,tau,0.11375865822177399,0.0013743563070010012,grouped_permuted_2
4,f_i_curve_slope,-0.09419213570440109,-0.01601230763566175,grouped_permuted_2
4,adaptation,0.28532049129638853,0.018981384827807646,grouped_permuted_2
4,latency,-0.04671656455793715,-0.016149554939114852,grouped_permuted_2
4,avg_isi,-0.13119803132456878,-0.019052390180994694,grouped_permuted_2
4,upstroke_downstroke_ratio_long_square,-0.12751488951483853,-0.01832994348687622,grouped_permuted_2
4,threshold_v_long_square,0.20093031063166608,0.015614456909979757,grouped_permuted_2
4,threshold_i_long_square,0.2978205343320014,0.05408576590037073,grouped_permuted_2
4,sag,0.24287197213762957,0.014659151744063958,grouped_permuted_2
5,vrest,-0.05184238181092014,-0.012230322637625912,grouped_permuted_2
5,ri,-0.18750703360711765,-0.05380059832832562,grouped_permuted_2
5,tau,-0.1334467424717223,-0.024941927750886883,grouped_permuted_2
5,f_i_curve_slope,0.22807316733100977,0.023040922043126688,grouped_permuted_2
5,adaptation,0.23026911959235022,0.01355514155991644,grouped_permuted_2
5,latency,0.06243842445259806,-0.00439594531096188,grouped_permuted_2
5,avg_isi,0.017619042136353645,0.00020188999671455488,grouped_permuted_2
5,upstroke_downstroke_ratio_long_square,0.05622994123099273,-0.00628622137692636,grouped_permuted_2
5,threshold_v_long_square,0.09434720258060464,0.005826662365547075,grouped_permuted_2
5,threshold_i_long_square,-0.105988872256288,-0.01686058243118449,grouped_permuted_2
5,sag,0.0384573580945599,-0.0005059879426205782,grouped_permuted_2
1,vrest,0.03004977047091326,-0.004142071790059099,grouped_permuted_3
1,ri,0.056357743883565244,-0.0075548047733462464,grouped_permuted_3
1,tau,-0.007796554559968641,-0.022828156272014954,grouped_permuted_3
1,f_i_curve_slope,-0.1932330126960947,-0.033202934236577386,grouped_permuted_3
1,adaptation,-0.07068386857351582,-0.017651194607011256,grouped_permuted_3
1,latency,0.19390057245532885,0.0007594410791770256,grouped_permuted_3
1,avg_isi,0.23609244076291303,0.007540754098326552,grouped_permuted_3
1,upstroke_downstroke_ratio_long_square,0.30994804222118655,0.031812766450991514,grouped_permuted_3
1,threshold_v_long_square,0.09237998323908768,0.0029600767584020415,grouped_permuted_3
1,threshold_i_long_square,0.058062452971908075,-0.007637485267713684,grouped_permuted_3
1,sag,0.08924431276905499,0.005611267698051536,grouped_permuted_3
2,vrest,-0.047193041903228206,-0.018918095207442587,grouped_permuted_3
2,ri,0.10715732408519864,-0.0043912380906425685,grouped_permuted_3
2,tau,0.16174705688813057,0.005746415163348506,grouped_permuted_3
2,f_i_curve_slope,-0.015082318933992731,0.0005952038659964298,grouped_permuted_3
2,adaptation,-0.06151855694204525,-0.013774124067175153,grouped_permuted_3
2,latency,-0.09047524983947294,-0.008102376626916818,grouped_permuted_3
2,avg_isi,0.17097961726243377,0.010074265909490676,grouped_permuted_3
2,upstroke_downstroke_ratio_long_square,0.34641832939443823,0.03717979635316915,grouped_permuted_3
2,threshold_v_long_square,-0.03453498743350822,-0.005032232120778302,grouped_permuted_3
2,threshold_i_long_square,0.012576487699382438,-0.010978480149467451,grouped_permuted_3
2,sag,0.10252016578073529,0.01194905293886761,grouped_permuted_3
3,vrest,0.024407007618405703,-0.003341824480476596,grouped_permuted_3
3,ri,0.06928974106212608,-0.008138510020725409,grouped_permuted_3
3,tau,0.34567636506291743,0.03591281891890519,grouped_permuted_3
3,f_i_curve_slope,0.021878521423461212,0.0028428928228013683,grouped_permuted_3
3,adaptation,0.03742112097686646,-0.010219790635900061,grouped_permuted_3
3,latency,-0.02311411661363172,-0.005294713626031955,grouped_permuted_3
3,avg_isi,0.05037187345050489,0.003438647184139554,grouped_permuted_3
3,upstroke_downstroke_ratio_long_square,0.14806556885519315,0.011779228654390628,grouped_permuted_3
3,threshold_v_long_square,0.010926019028038463,-0.0010208598280316838,grouped_permuted_3
3,threshold_i_long_square,0.08079143853853575,0.009940969781251252,grouped_permuted_3
3,sag,-0.07137124236938286,-0.014721589437410199,grouped_permuted_3
4,vrest,0.0010739927554641992,-0.008599590365727217,grouped_permuted_3
4,ri,0.10732493989702942,0.0035455866429460192,grouped_permuted_3
4,tau,0.039862703420402726,-0.023723678425744188,grouped_permuted_3
4,f_i_curve_slope,0.2671926579318789,0.041193266192100064,grouped_permuted_3
4,adaptation,0.011606709751307393,-0.005838740766159312,grouped_permuted_3
4,latency,-0.2712267539633027,-0.023002293951129626,grouped_permuted_3
4,avg_isi,0.13030006769518318,-0.0008988242226848353,grouped_permuted_3
4,upstroke_downstroke_ratio_long_square,0.1626641901753625,0.007659748888225182,grouped_permuted_3
4,threshold_v_long_square,-0.010105483835712841,-0.008963133857132544,grouped_permuted_3
4,threshold_i_long_square,0.074773188534929,0.0004562421207221501,grouped_permuted_3
4,sag,0.09537015731720541,0.006324744205076449,grouped_permuted_3
5,vrest,0.07545887476634332,0.005066620987970172,grouped_permuted_3
5,ri,0.2700818298710939,0.0364962562591129,grouped_permuted_3
5,tau,0.3361495137465587,0.026243531475488413,grouped_permuted_3
5,f_i_curve_slope,0.03182148385373329,-0.0004981897480864639,grouped_permuted_3
5,adaptation,0.0024660819456214515,0.001311178562213411,grouped_permuted_3
5,latency,0.02901884531596846,-0.006178281605595526,grouped_permuted_3
5,avg_isi,0.17091977287417648,0.018090333218616306,grouped_permuted_3
5,upstroke_downstroke_ratio_long_square,-0.004940909026761272,-0.021798426300202678,grouped_permuted_3
5,threshold_v_long_square,0.17671252540667862,0.014498082907297927,grouped_permuted_3
5,threshold_i_long_square,0.1996700069856054,0.028463416997652202,grouped_permuted_3
5,sag,0.12127107691408381,0.005155886774700247,grouped_permuted_3
1,vrest,-0.018568554438315,-0.008871046368895685,grouped_permuted_4
1,ri,-0.2230383154704845,-0.043257699999005306,grouped_permuted_4
1,tau,-0.3440834089316506,-0.043364130605270335,grouped_permuted_4
1,f_i_curve_slope,-0.09129244652492682,-0.02104491075255832,grouped_permuted_4
1,adaptation,0.014712226160263926,-0.0064451979018791405,grouped_permuted_4
1,latency,-0.20170435181420934,-0.008334649891503565,grouped_permuted_4
1,avg_isi,0.12620619221802384,0.008766428321673958,grouped_permuted_4
1,upstroke_downstroke_ratio_long_square,0.011790203994110243,-0.005060964208848384,grouped_permuted_4
1,threshold_v_long_square,-0.03785648042632986,-0.005494716770269248,grouped_permuted_4
1,threshold_i_long_square,-0.16150599700370266,-0.03850172699341603,grouped_permuted_4
1,sag,0.07069265466985628,0.004326373678656181,grouped_permuted_4
2,vrest,-0.0728687188243343,-0.024883784686360322,grouped_permuted_4
2,ri,0.00474699593639189,-0.022550800851472985,grouped_permuted_4
2,tau,0.15683492245962774,0.008426881913460305,grouped_permuted_4
2,f_i_curve_slope,0.0631039928226805,0.002154382931002785,grouped_permuted_4
2,adaptation,0.10652794669850142,0.0004018380346628714,grouped_permuted_4
2,latency,-0.10558462837475106,-0.020974535127836758,grouped_permuted_4
2,avg_isi,0.09665183754332635,-0.0012782593490090477,grouped_permuted_4
2,upstroke_downstroke_ratio_long_square,0.16514466491948282,0.011454098647508792,grouped_permuted_4
2,threshold_v_long_square,0.08550598346874679,0.003858045096286067,grouped_permuted_4
2,threshold_i_long_square,-0.017216488845509834,-0.012161529231959012,grouped_permuted_4
2,sag,0.08590842245640207,0.0032935591319193103,grouped_permuted_4
3,vrest,-0.12481439371480763,-0.02389021939652891,grouped_permuted_4
3,ri,-0.2302718810851551,-0.07392296646701069,grouped_permuted_4
3,tau,-0.4238980898842232,-0.09207823469558951,grouped_permuted_4
3,f_i_curve_slope,-0.19296383903834607,-0.03454224980278475,grouped_permuted_4
3,adaptation,-0.07371832819633424,-0.016104915788486718,grouped_permuted_4
3,latency,-0.08103004766501301,-0.02111005018710488,grouped_permuted_4
3,avg_isi,-0.30008761750319124,-0.03939224152983045,grouped_permuted_4
3,upstroke_downstroke_ratio_long_square,-0.46252969531599686,-0.05772016589850004,grouped_permuted_4
3,threshold_v_long_square,0.12261054583099165,0.01191017871567912,grouped_permuted_4
3,threshold_i_long_square,-0.33117376707538687,-0.08137233925023546,grouped_permuted_4
3,sag,0.006784156640737442,-0.0019874594618831676,grouped_permuted_4
4,vrest,-0.045785607575458284,-0.014907888613377995,grouped_permuted_4
4,ri,0.14166689003116725,0.01459914582502686,grouped_permuted_4
4,tau,0.17098606727876473,0.015246069551435149,grouped_permuted_4
4,f_i_curve_slope,-0.09973700769546145,-0.010327277459685424,grouped_permuted_4
4,adaptation,0.13365077970460898,-0.0021690569078791633,grouped_permuted_4
4,latency,-0.06930097864582356,-0.016015842710075834,grouped_permuted_4
4,avg_isi,-0.07378308782273996,-0.014678241585769802,grouped_permuted_4
4,upstroke_downstroke_ratio_long_square,-0.286969205346739,-0.039809161465947485,grouped_permuted_4
4,threshold_v_long_square,0.06529760461354206,0.0015413665072232519,grouped_permuted_4
4,threshold_i_long_square,0.04694275720728941,-0.0006151973756924889,grouped_permuted_4
4,sag,-0.011054199462204886,-0.006590112878400278,grouped_permuted_4
5,vrest,0.050787814093225456,0.0029043541739208756,grouped_permuted_4
5,ri,-0.00833073671947205,-0.010137201712191235,grouped_permuted_4
5,tau,-0.029554193196084065,-0.01461771000977019,grouped_permuted_4
5,f_i_curve_slope,-0.03664168878913652,-0.001698192295350065,grouped_permuted_4
5,adaptation,0.15375473627362682,0.003989054047501273,grouped_permuted_4
5,latency,-0.12327028785936951,-0.01342299239807998,grouped_permuted_4
5,avg_isi,-0.010029868493905423,-0.007204669941583752,grouped_permuted_4
5,upstroke_downstroke_ratio_long_square,0.15083972194787634,-0.0009606428065660477,grouped_permuted_4
5,threshold_v_long_square,-0.0875408436367641,-0.01154414688253036,grouped_permuted_4
5,threshold_i_long_square,0.01336037846161613,-0.00293490465229973,grouped_permuted_4
5,sag,-0.028560486686070995,-0.0015887104134395535,grouped_permuted_4
1,vrest,0.02807173141087811,0.00011991830355906341,grouped_permuted_5
1,ri,0.1311455859435477,0.00970422064817733,grouped_permuted_5
1,tau,0.28723758065313876,0.0413091543042603,grouped_permuted_5
1,f_i_curve_slope,0.19671972609005084,0.013438155978400701,grouped_permuted_5
1,adaptation,0.13975957431056024,0.009511914590184078,grouped_permuted_5
1,latency,-0.19627303516967182,-0.001453853018060336,grouped_permuted_5
1,avg_isi,0.06201593956099578,0.009675311954805088,grouped_permuted_5
1,upstroke_downstroke_ratio_long_square,0.03778863171295393,-4.0501323395503164e-05,grouped_permuted_5
1,threshold_v_long_square,-0.015691810133297596,-0.00776667607796222,grouped_permuted_5
1,threshold_i_long_square,0.06780110480762823,0.005054039122423526,grouped_permuted_5
1,sag,0.14424969962917145,0.004135922113965407,grouped_permuted_5
2,vrest,0.027447672805772285,-0.011874976201671217,grouped_permuted_5
2,ri,0.16679447595675825,0.009037392210248574,grouped_permuted_5
2,tau,0.06898016461949599,-0.0030856505516738686,grouped_permuted_5
2,f_i_curve_slope,0.13711500372253338,0.003163238876755181,grouped_permuted_5
2,adaptation,0.25926092955056046,0.022805385077673046,grouped_permuted_5
2,latency,-0.06422664398051686,-0.011059053739179037,grouped_permuted_5
2,avg_isi,0.051940652468575516,0.0020394366499212335,grouped_permuted_5
2,upstroke_downstroke_ratio_long_square,0.26904218954436104,0.025948661675232687,grouped_permuted_5
2,threshold_v_long_square,-0.06589548721180825,-0.009768513985789484,grouped_permuted_5
2,threshold_i_long_square,0.18067154953020434,0.012393150817436527,grouped_permuted_5
2,sag,-0.0078048184058273325,-0.00850614662018745,grouped_permuted_5
3,vrest,0.0311673250606809,-0.0032881789010885676,grouped_permuted_5
3,ri,0.17029483445622484,0.008401604158448817,grouped_permuted_5
3,tau,0.17701176261688042,0.01845080526307774,grouped_permuted_5
3,f_i_curve_slope,-0.05432962219754416,-0.0029488983252143885,grouped_permuted_5
3,adaptation,0.14260218368286737,-0.0012945135406139396,grouped_permuted_5
3,latency,-0.1866323363526458,-0.04651920125524356,grouped_permuted_5
3,avg_isi,0.22692015548103536,0.01804857908320101,grouped_permuted_5
3,upstroke_downstroke_ratio_long_square,0.11321413529298098,0.00923818927024922,grouped_permuted_5
3,threshold_v_long_square,-0.08920403613310349,-0.012214005394998173,grouped_permuted_5
3,threshold_i_long_square,0.11982084652982755,-0.00047027462294502165,grouped_permuted_5
3,sag,0.0694300373286212,-0.0016285883940210244,grouped_permuted_5
4,vrest,-0.01654888894282064,-0.009404681462393372,grouped_permuted_5
4,ri,0.3406740764287537,0.054395740677446125,grouped_permuted_5
4,tau,0.16190370131204682,0.005898121816945823,grouped_permuted_5
4,f_i_curve_slope,0.18976663780899794,0.028553849480306703,grouped_permuted_5
4,adaptation,0.4108650219053357,0.02682830643419798,grouped_permuted_5
4,latency,0.10830909039915089,0.0028493662254248653,grouped_permuted_5
4,avg_isi,0.07295217193954437,-0.0017377917155638745,grouped_permuted_5
4,upstroke_downstroke_ratio_long_square,0.25627420976589965,0.02444523700698442,grouped_permuted_5
4,threshold_v_long_square,0.09654446198620138,0.002184084433463296,grouped_permuted_5
4,threshold_i_long_square,0.31700645512773473,0.05391722602680282,grouped_permuted_5
4,sag,-0.08020108486785374,-0.011706198554172431,grouped_permuted_5
5,vrest,0.06611296231903102,0.0017174023821826534,grouped_permuted_5
5,ri,-0.1700231935038294,-0.03538602074197028,grouped_permuted_5
5,tau,-0.27559372259674386,-0.031714186978095915,grouped_permuted_5
5,f_i_curve_slope,0.08122137008984534,-0.0014647217455783235,grouped_permuted_5
5,adaptation,0.044219091402012564,-0.006345354481520404,grouped_permuted_5
5,latency,-0.03816058685294491,-0.0017143103574359664,grouped_permuted_5
5,avg_isi,0.09404804144089943,0.001609585910332667,grouped_permuted_5
5,upstroke_downstroke_ratio_long_square,0.10834434765414823,-0.01044436067940624,grouped_permuted_5
5,threshold_v_long_square,-0.020909175023440956,-0.006420498367897487,grouped_permuted_5
5,threshold_i_long_square,-0.08795640805073973,-0.021564796522215213,grouped_permuted_5
5,sag,-0.10346817113844622,-0.01530140052767015,grouped_permuted_5
1,vrest,-0.02097133674311697,-0.007217813727574018,grouped_permuted_6
1,ri,-0.00860188088987714,-0.0097917604758464,grouped_permuted_6
1,tau,-0.17312793938699467,-0.018258250157651812,grouped_permuted_6
1,f_i_curve_slope,-0.214816167204708,-0.044014230258875964,grouped_permuted_6
1,adaptation,0.07508287654336537,0.001986471054275407,grouped_permuted_6
1,latency,0.015769594723132142,0.0001141383199844137,grouped_permuted_6
1,avg_isi,-0.06317754752385339,-0.010414869745386746,grouped_permuted_6
1,upstroke_downstroke_ratio_long_square,-0.46838830122056085,-0.0656960935388411,grouped_permuted_6
1,threshold_v_long_square,-0.05218678126363964,-0.007605880653146935,grouped_permuted_6
1,threshold_i_long_square,-0.025338369194196426,-0.02311380752597536,grouped_permuted_6
1,sag,-0.10379820487149104,-0.007776719690739453,grouped_permuted_6
2,vrest,0.1912670810468234,0.0063445614451410615,grouped_permuted_6
2,ri,0.20548489749470691,0.01351875331452046,grouped_permuted_6
2,tau,0.3479945427896716,0.035764815757257984,grouped_permuted_6
2,f_i_curve_slope,-0.1436123226150148,-0.019336091689658774,grouped_permuted_6
2,adaptation,0.14662160771431546,0.005550166296880876,grouped_permuted_6
2,latency,-0.0019214531600100962,-0.003142152008346555,grouped_permuted_6
2,avg_isi,0.03437249941379303,-0.0033083000864611023,grouped_permuted_6
2,upstroke_downstroke_ratio_long_square,-0.3445568750743055,-0.04429073819757812,grouped_permuted_6
2,threshold_v_long_square,0.05019384038987858,0.0023611426100428323,grouped_permuted_6
2,threshold_i_long_square,0.021236835417375984,-0.006685373902342029,grouped_permuted_6
2,sag,-0.025306015741858347,-0.005515116267030606,grouped_permuted_6
3,vrest,-0.08794621311567573,-0.014714139645798374,grouped_permuted_6
3,ri,-0.21475551099290924,-0.06233450653393802,grouped_permuted_6
3,tau,-0.046673402673861025,-0.017594730291244254,grouped_permuted_6
3,f_i_curve_slope,-0.0861449443096944,-0.014881780251157606,grouped_permuted_6
3,adaptation,-0.2717620393328342,-0.026802257654349626,grouped_permuted_6
3,latency,-0.11948159689724726,-0.025831700920437184,grouped_permuted_6
3,avg_isi,-0.11526215680280526,-0.013540831468392911,grouped_permuted_6
3,upstroke_downstroke_ratio_long_square,-0.3127937543757678,-0.03583314786336067,grouped_permuted_6
3,threshold_v_long_square,-0.046484157918365604,-0.003423975460544959,grouped_permuted_6
3,threshold_i_long_square,-0.21348654091732674,-0.05249895821234252,grouped_permuted_6
3,sag,0.03300976331915372,-0.005205621385109271,grouped_permuted_6
4,vrest,-0.024377024296628445,-0.012910462557500946,grouped_permuted_6
4,ri,-0.11912761736793298,-0.02958520119075425,grouped_permuted_6
4,tau,-0.11083384047951196,-0.025328497063937805,grouped_permuted_6
4,f_i_curve_slope,-0.09860212659950092,-0.016797505841274596,grouped_permuted_6
4,adaptation,-0.07042166811104766,-0.009707866142620869,grouped_permuted_6
4,latency,0.05779308969391744,-0.003938447279428825,grouped_permuted_6
4,avg_isi,-0.11054199547102841,-0.014060685060163669,grouped_permuted_6
4,upstroke_downstroke_ratio_long_square,-0.4692601523189611,-0.06417710866627124,grouped_permuted_6
4,threshold_v_long_square,-0.015006104732483858,-0.005574921570266733,grouped_permuted_6
4,threshold_i_long_square,-0.16128651991018494,-0.047681594997572185,grouped_permuted_6
4,sag,0.15753056010135344,0.01110592195659077,grouped_permuted_6
5,vrest,-0.0742268748810943,-0.013450477596864241,grouped_permuted_6
5,ri,0.028554827355479036,-0.01036579962535078,grouped_permuted_6
5,tau,0.02497621500509477,-0.010188685970470734,grouped_permuted_6
5,f_i_curve_slope,0.1206808898260909,0.008489071840909967,grouped_permuted_6
5,adaptation,0.1632809496631079,0.004274342988269786,grouped_permuted_6
5,latency,0.03978280278065391,-0.004535892754484072,grouped_permuted_6
5,avg_isi,0.03507888270389475,-0.010120495264994034,grouped_permuted_6
5,upstroke_downstroke_ratio_long_square,0.3448604707458636,0.03309918984406823,grouped_permuted_6
5,threshold_v_long_square,0.09977580814806734,0.00735701174624237,grouped_permuted_6
5,threshold_i_long_square,0.07964745166247385,0.010623839078887753,grouped_permuted_6
5,sag,0.08507324899290201,0.003475620556013248,grouped_permuted_6
1,vrest,-0.04626457270848009,-0.012256680409040266,grouped_permuted_7
1,ri,-0.0827972143679202,-0.01960628753554583,grouped_permuted_7
1,tau,0.00825969857545429,-0.008116774932292348,grouped_permuted_7
1,f_i_curve_slope,0.039434844455979084,-0.01594856165776659,grouped_permuted_7
1,adaptation,0.023175848188543485,-0.0028455720843989507,grouped_permuted_7
1,latency,0.07563617698895649,-0.0007816359465491196,grouped_permuted_7
1,avg_isi,-0.2386615752262003,-0.026522536617903825,grouped_permuted_7
1,upstroke_downstroke_ratio_long_square,0.12303014030412797,0.017843745557776458,grouped_permuted_7
1,threshold_v_long_square,-0.046431433031455034,-0.009692142521739333,grouped_permuted_7
1,threshold_i_long_square,-0.08968119348914043,-0.013608567029885998,grouped_permuted_7
1,sag,0.0336928976699334,-0.007053010006315974,grouped_permuted_7
2,vrest,0.09522405006477441,-0.004423213584441088,grouped_permuted_7
2,ri,0.28436682675564606,0.03185558910088104,grouped_permuted_7
2,tau,0.20020094355301746,0.01618949015782445,grouped_permuted_7
2,f_i_curve_slope,0.09721007083045954,0.005538351843886291,grouped_permuted_7
2,adaptation,0.09623567996859124,0.0017935992657277522,grouped_permuted_7
2,latency,-0.011570483670370328,-0.01638410178242533,grouped_permuted_7
2,avg_isi,0.08833060550896385,0.0037017364100372374,grouped_permuted_7
2,upstroke_downstroke_ratio_long_square,0.31846551749032226,0.03363773287111971,grouped_permuted_7
2,threshold_v_long_square,0.04869411969434804,0.00326248988081701,grouped_permuted_7
2,threshold_i_long_square,0.30227884050331316,0.04502076831042501,grouped_permuted_7
2,sag,-0.16644927734357598,-0.029637542971750586,grouped_permuted_7
3,vrest,-0.040055352406944945,-0.009885466927900932,grouped_permuted_7
3,ri,-0.05961681665407149,-0.04365038534021015,grouped_permuted_7
3,tau,0.10330028511804243,-0.000543788572371362,grouped_permuted_7
3,f_i_curve_slope,-0.25232099878031305,-0.04283900577358257,grouped_permuted_7
3,adaptation,0.1940680639836714,0.004198828008893041,grouped_permuted_7
3,latency,0.07226724651874683,0.0025903396279279844,grouped_permuted_7
3,avg_isi,0.0870728420154878,0.0004603992880036767,grouped_permuted_7
3,upstroke_downstroke_ratio_long_square,-0.22798804845132764,-0.027712028094531993,grouped_permuted_7
3,threshold_v_long_square,-0.004639388524859138,-0.005555946509967491,grouped_permuted_7
3,threshold_i_long_square,-0.0877915017822633,-0.03255476539217694,grouped_permuted_7
3,sag,-0.08189320714942476,-0.020707746097036406,grouped_permuted_7
4,vrest,-0.011881444225338178,-0.006531084795730724,grouped_permuted_7
4,ri,-0.013544014313965227,0.007156283590160073,grouped_permuted_7
4,tau,-0.07386357527150113,-0.020778860420464618,grouped_permuted_7
4,f_i_curve_slope,0.0005907267769537405,-0.004710149435930733,grouped_permuted_7
4,adaptation,0.1134023605107364,0.011341230826327098,grouped_permuted_7
4,latency,-0.11128797834836437,-0.014885288653449846,grouped_permuted_7
4,avg_isi,0.12700196371558764,0.016318106586499903,grouped_permuted_7
4,upstroke_downstroke_ratio_long_square,0.009379188564066155,-0.010273947354267676,grouped_permuted_7
4,threshold_v_long_square,-0.03976030451917967,-0.012127817759229664,grouped_permuted_7
4,threshold_i_long_square,0.10556467685203058,0.008682045248744275,grouped_permuted_7
4,sag,-0.12132772661600429,-0.01563571401260888,grouped_permuted_7
5,vrest,0.15932444676414176,0.015017079047472626,grouped_permuted_7
5,ri,0.1389892049626565,0.015225841706428711,grouped_permuted_7
5,tau,0.1208064896617306,0.0038855474887454777,grouped_permuted_7
5,f_i_curve_slope,0.008910723110171468,-0.005804191252093416,grouped_permuted_7
5,adaptation,0.053569476669960356,-0.005455174266144169,grouped_permuted_7
5,latency,0.09517353822156648,0.006705195868407454,grouped_permuted_7
5,avg_isi,0.02057867672664701,-0.006222289132853609,grouped_permuted_7
5,upstroke_downstroke_ratio_long_square,-0.0850804055059188,-0.043235201138023704,grouped_permuted_7
5,threshold_v_long_square,-0.09657908038019851,-0.014463977709195497,grouped_permuted_7
5,threshold_i_long_square,0.05561490786710586,-0.004680255684275769,grouped_permuted_7
5,sag,-0.0719910815041232,-0.002764354157137827,grouped_permuted_7
1,vrest,0.05732036964274687,0.0006693571944472732,grouped_permuted_8
1,ri,-0.07759942384707598,-0.018457485486297553,grouped_permuted_8
1,tau,-0.18016520318769405,-0.020390092408792526,grouped_permuted_8
1,f_i_curve_slope,-0.26966667944644446,-0.05793260291880231,grouped_permuted_8
1,adaptation,-0.30853212900324195,-0.027639589943822873,grouped_permuted_8
1,latency,-0.19542743424714926,-0.006696559788385015,grouped_permuted_8
1,avg_isi,-0.29244340642210964,-0.03460998715490016,grouped_permuted_8
1,upstroke_downstroke_ratio_long_square,-0.34008186429904924,-0.04638538475781062,grouped_permuted_8
1,threshold_v_long_square,0.06428946500510636,0.0031460408717650656,grouped_permuted_8
1,threshold_i_long_square,-0.04689126273170956,-0.02043557047655642,grouped_permuted_8
1,sag,-0.07571615133344373,-0.006436470574249897,grouped_permuted_8
2,vrest,-0.013254532903777191,-0.01841367648456549,grouped_permuted_8
2,ri,0.007186028662413173,-0.012003833950983367,grouped_permuted_8
2,tau,-0.12573954508296564,-0.0267785825132969,grouped_permuted_8
2,f_i_curve_slope,-0.09879096927756065,-0.0246968577278861,grouped_permuted_8
2,adaptation,-0.023735301336991955,-0.0036988457263085195,grouped_permuted_8
2,latency,-0.20152822896590594,-0.026099108177678243,grouped_permuted_8
2,avg_isi,-0.13208641012150932,-0.01721258163013939,grouped_permuted_8
2,upstroke_downstroke_ratio_long_square,-0.12491743066280038,-0.017593594082022435,grouped_permuted_8
2,threshold_v_long_square,0.04827581196255461,0.003050942662392142,grouped_permuted_8
2,threshold_i_long_square,0.03238869455552391,-0.0008934362933339379,grouped_permuted_8
2,sag,-0.05060683969951551,-0.014229856035043564,grouped_permuted_8
3,vrest,-0.0074497495194527545,-0.003489199964689549,grouped_permuted_8
3,ri,-0.02294023800538217,-0.03345411797409237,grouped_permuted_8
3,tau,-0.17625692634701456,-0.0549291096545792,grouped_permuted_8
3,f_i_curve_slope,0.09673282253077796,0.011968984738565225,grouped_permuted_8
3,adaptation,0.051315994412534253,-0.015666476626201797,grouped_permuted_8
3,latency,-0.03509392163357932,-0.01447532818829389,grouped_permuted_8
3,avg_isi,-0.20593869613361604,-0.031398209104460895,grouped_permuted_8
3,upstroke_downstroke_ratio_long_square,0.09883599583797086,0.012014853113770263,grouped_permuted_8
3,threshold_v_long_square,0.11059703067442753,0.00662310614309225,grouped_permuted_8
3,threshold_i_long_square,0.08076535350530058,-0.0011233449286798258,grouped_permuted_8
3,sag,0.11739766885817304,0.010619026912901619,grouped_permuted_8
4,vrest,0.023882760296552258,-0.0071640577025147145,grouped_permuted_8
4,ri,-0.02544929865210988,-0.011978861568374466,grouped_permuted_8
4,tau,-0.05878543584721164,-0.018843971994069397,grouped_permuted_8
4,f_i_curve_slope,0.09181098054907921,-0.0001795683574796758,grouped_permuted_8
4,adaptation,0.0289222624013753,0.0018537956303942282,grouped_permuted_8
4,latency,0.018821059328034847,-0.0003357511799255697,grouped_permuted_8
4,avg_isi,0.1418112824982749,0.011706605123548486,grouped_permuted_8
4,upstroke_downstroke_ratio_long_square,0.04330777480436343,-0.004895114344984686,grouped_permuted_8
4,threshold_v_long_square,0.11714106608468519,0.007447433633634537,grouped_permuted_8
4,threshold_i_long_square,-0.0018348732474625328,0.008311214853066295,grouped_permuted_8
4,sag,-0.08198816457525829,-0.015871810241371964,grouped_permuted_8
5,vrest,-0.04700411630598381,-0.011090442916720678,grouped_permuted_8
5,ri,0.13002952794350467,0.011461379387877835,grouped_permuted_8
5,tau,-0.03739992160225072,-0.024035626658309273,grouped_permuted_8
5,f_i_curve_slope,-0.06308904738784188,-0.015943749100948645,grouped_permuted_8
5,adaptation,0.13386212869708508,0.013424311419154678,grouped_permuted_8
5,latency,-0.00864129429319568,-0.007929645051337086,grouped_permuted_8
5,avg_isi,-0.051231564565910555,-0.00654653430071539,grouped_permuted_8
5,upstroke_downstroke_ratio_long_square,-0.31065502221796537,-0.059836974465168336,grouped_permuted_8
5,threshold_v_long_square,0.05081818219257336,0.0024404312688417473,grouped_permuted_8
5,threshold_i_long_square,0.029773939335661918,-0.003257684869520272,grouped_permuted_8
5,sag,0.0957105418752794,0.0029124457410891758,grouped_permuted_8
