experiment,target,mean_spearman,mean_r2
grouped_permuted_1,adaptation,-0.09215343467827067,-0.015350979894301897
grouped_permuted_1,avg_isi,-0.04947580768573294,-0.009610782152275444
grouped_permuted_1,f_i_curve_slope,-0.06232115200284914,-0.015222386554544776
grouped_permuted_1,latency,0.08397749933230093,0.005728394068876552
grouped_permuted_1,ri,-0.072539669609056,-0.026380352934383167
grouped_permuted_1,sag,0.017419723125601146,-0.002667175061475713
grouped_permuted_1,tau,-0.0500473669050431,-0.014730756892001318
grouped_permuted_1,threshold_i_long_square,-0.05220514757233367,-0.024222202388382776
grouped_permuted_1,threshold_v_long_square,-0.018010224948977256,-0.007766015520399461
grouped_permuted_1,upstroke_downstroke_ratio_long_square,-0.016339194312437133,-0.0104019791336732
grouped_permuted_1,vrest,-0.02629036722993953,-0.010283584754649678
grouped_permuted_2,adaptation,0.11043717051798965,0.003199412537462454
grouped_permuted_2,avg_isi,-0.11890078031141593,-0.015240329534552033
grouped_permuted_2,f_i_curve_slope,-0.014684386693815077,-0.010105931544850089
grouped_permuted_2,latency,0.04335729175930957,-0.0036910623517088627
grouped_permuted_2,ri,0.058010414257837574,-0.007049228396182316
grouped_permuted_2,sag,0.05611339962637586,0.0009277468974691949
grouped_permuted_2,tau,0.07288391142081134,-0.0011323740158560192
grouped_permuted_2,threshold_i_long_square,0.023968974861214708,-0.00411942439007944
grouped_permuted_2,threshold_v_long_square,0.04444412521675477,-0.00028436836358531893
grouped_permuted_2,upstroke_downstroke_ratio_long_square,-0.08682802570649109,-0.015005167924076867
grouped_permuted_2,vrest,0.007802006470674619,-0.008371494313869344
grouped_permuted_3,adaptation,-0.016141702568353154,-0.009234534302806473
grouped_permuted_3,avg_isi,0.15173275440904227,0.0076490352375776505
grouped_permuted_3,f_i_curve_slope,0.022515466315797195,0.0021860477792468025
grouped_permuted_3,latency,-0.03237934052902201,-0.00836364494609938
grouped_permuted_3,ri,0.12204231575980265,0.003991458003468939
grouped_permuted_3,sag,0.06740689408233932,0.002863872435857129
grouped_permuted_3,tau,0.17512781691160817,0.004270186171996593
grouped_permuted_3,threshold_i_long_square,0.08517471494607214,0.004048932696488894
grouped_permuted_3,threshold_v_long_square,0.04707561128091674,0.0004883867719514878
grouped_permuted_3,upstroke_downstroke_ratio_long_square,0.19243104432388383,0.013326622809314759
grouped_permuted_3,vrest,0.016759320741579656,-0.005986992171147065
grouped_permuted_4,adaptation,0.06698547212813337,-0.004065655703216176
grouped_permuted_4,avg_isi,-0.03220850881169728,-0.01075739681690382
grouped_permuted_4,f_i_curve_slope,-0.07150619784503807,-0.013091649475875156
grouped_permuted_4,latency,-0.1161780588718333,-0.015971614062920202
grouped_permuted_4,ri,-0.06304540946151051,-0.02705390464093067
grouped_permuted_4,sag,0.024754109523743982,-0.0005092699886295015
grouped_permuted_4,tau,-0.09394294045471308,-0.025277424769146916
grouped_permuted_4,threshold_i_long_square,-0.08991862345113875,-0.027117139500720543
grouped_permuted_4,threshold_v_long_square,0.029603361970037306,5.4145333277766385e-05
grouped_permuted_4,upstroke_downstroke_ratio_long_square,-0.08434486196025329,-0.018419367146470633
grouped_permuted_4,vrest,-0.04224989209193795,-0.013929716978248408
grouped_permuted_5,adaptation,0.19934136017026727,0.010301147615984153
grouped_permuted_5,avg_isi,0.1015753921782101,0.005927024376539225
grouped_permuted_5,f_i_curve_slope,0.11009862310277667,0.008148324852933975
grouped_permuted_5,latency,-0.0753967023913257,-0.011579410428898807
grouped_permuted_5,ri,0.127777155856291,0.009230587390470113
grouped_permuted_5,sag,0.0044411325091330695,-0.00660128239641713
grouped_permuted_5,tau,0.08390789732096363,0.006171648770902816
grouped_permuted_5,threshold_i_long_square,0.11946870958893104,0.009865868964300528
grouped_permuted_5,threshold_v_long_square,-0.019031209303089783,-0.006797121878636814
grouped_permuted_5,upstroke_downstroke_ratio_long_square,0.15693270279406876,0.009829445189932918
grouped_permuted_5,vrest,0.027250160530708334,-0.004546103175882288
grouped_permuted_6,adaptation,0.008560345295381373,-0.004939828691508885
grouped_permuted_6,avg_isi,-0.04390606353599986,-0.010289036325079692
grouped_permuted_6,f_i_curve_slope,-0.08449893418056545,-0.017308107240011396
grouped_permuted_6,latency,-0.0016115125719107725,-0.007466810928542444
grouped_permuted_6,ri,-0.021689056880106684,-0.0197117029022738
grouped_permuted_6,sag,0.029301870360011962,-0.0007831829660550627
grouped_permuted_6,tau,0.008467115050879747,-0.007121069545209325
grouped_permuted_6,threshold_i_long_square,-0.05984542858837165,-0.023871179111868868
grouped_permuted_6,threshold_v_long_square,0.007258520924691364,-0.001377324665534685
grouped_permuted_6,upstroke_downstroke_ratio_long_square,-0.2500277224487463,-0.035379579684396575
grouped_permuted_6,vrest,-0.003250873597938406,-0.008389666416519304
grouped_permuted_7,adaptation,0.09609028586430059,0.0018065823500809542
grouped_permuted_7,avg_isi,0.016864502548097203,-0.0024529166932433233
grouped_permuted_7,f_i_curve_slope,-0.021234926721349846,-0.012752711255097405
grouped_permuted_7,latency,0.02404369994210702,-0.004551098177217772
grouped_permuted_7,ri,0.05347959727646913,-0.001803791695657231
grouped_permuted_7,sag,-0.08159367898863897,-0.015159673448969934
grouped_permuted_7,tau,0.07174076832734873,-0.0018728772557116801
grouped_permuted_7,threshold_i_long_square,0.057197145990209176,0.0005718450905661144
grouped_permuted_7,threshold_v_long_square,-0.02774321735226886,-0.007715478923862995
grouped_permuted_7,upstroke_downstroke_ratio_long_square,0.02756127848025398,-0.005947939631585441
grouped_permuted_7,vrest,0.03126942549763059,-0.003615873333928077
grouped_permuted_8,adaptation,-0.02363340896584785,-0.006345361049356857
grouped_permuted_8,avg_isi,-0.10797775894897413,-0.01561214141333347
grouped_permuted_8,f_i_curve_slope,-0.04860057860639796,-0.017356758673310303
grouped_permuted_8,latency,-0.08437396396235906,-0.01110727847712396
grouped_permuted_8,ri,0.0022453192202699646,-0.012886583918373985
grouped_permuted_8,sag,0.0009594110250469828,-0.004601332839334926
grouped_permuted_8,tau,-0.11566940641342734,-0.02899547664580946
grouped_permuted_8,threshold_i_long_square,0.018840370283462866,-0.0034797643430048318
grouped_permuted_8,threshold_v_long_square,0.07822431118386941,0.004541590915945149
grouped_permuted_8,upstroke_downstroke_ratio_long_square,-0.12670210930749615,-0.023339242907243162
grouped_permuted_8,vrest,0.002698946242017075,-0.007897603974808631
grouped_real,adaptation,0.7062282851116304,0.21315724194346655
grouped_real,avg_isi,0.6780566365420595,0.28632777053120756
grouped_real,f_i_curve_slope,0.6580050885006999,0.5398476598419746
grouped_real,latency,0.6104580247222977,0.17275505056673326
grouped_real,ri,0.7980027719634523,0.5572414841992147
grouped_real,sag,0.5854671478789559,0.22650098134480706
grouped_real,tau,0.8726408381957654,0.6106501033349836
grouped_real,threshold_i_long_square,0.8076489262740664,0.6730074939015118
grouped_real,threshold_v_long_square,0.42857039950311043,0.14269686111894433
grouped_real,upstroke_downstroke_ratio_long_square,0.9072009729550496,0.7305528496096694
grouped_real,vrest,0.32511996127068304,0.11092524199912739
naive_random_real,adaptation,0.7102172616492195,0.21398139571633906
naive_random_real,avg_isi,0.6814059161390933,0.2898128990218961
naive_random_real,f_i_curve_slope,0.6557079286685438,0.5399881328113605
naive_random_real,latency,0.6087285815411707,0.16171678731004863
naive_random_real,ri,0.7987776486059631,0.5599154186222521
naive_random_real,sag,0.5769269131082873,0.2138240654322078
naive_random_real,tau,0.8727531747927267,0.6114871602701547
naive_random_real,threshold_i_long_square,0.8059713872159182,0.6699161692054864
naive_random_real,threshold_v_long_square,0.4285622602252161,0.1408858395351929
naive_random_real,upstroke_downstroke_ratio_long_square,0.9083941735865203,0.7333125007708947
naive_random_real,vrest,0.32835549959194743,0.11580398039121458
