gene,Alzheimer disease,Parkinson disease,amyotrophic lateral sclerosis,epilepsy,stroke
ABCC8,,,,,0.30058947667621044
ABR,,,,,
ACSL3,,,,,
ADAM23,,,0.06668636973443193,0.11087326589240756,
ADAMTS17,,,,,
ADARB2,0.3047684659359167,,,,
ADCY1,,0.3297273373806755,,,
ADCY2,,,,,
ADCY8,,,,0.11929210305169981,
ADRA1A,,0.3806751432125205,,0.18589353385286772,0.3941718911858448
AHI1,,,,,
AK5,,,,,
ALCAM,,,,,
ALK,,,,,
ANK1,,,0.08785840575629382,,
ANKRD26,,,,,
ANO3,,,,,
ANO4,,,,0.5158898021871751,
ANO5,0.30681403876551044,,0.08776533577135108,,
APBA1,,,,,
APLP1,,,,,
ARAP2,,,,,
ARHGAP20,,,,,
ARHGAP21,,,,,
ARHGAP5,,,,,
ARID5B,,0.2969011727958399,,,
ARPP21,,,0.08126296692306516,,0.06869052243598166
ASIC2,,,,0.10942798294035698,
ASTN1,,,,,
ASTN2,,,,,
ATP1A3,,,0.09235282402614811,0.7922434779946997,
ATP2A2,,,,,
ATP8A2,,,0.07596765620923836,0.13866828317730764,
ATRNL1,,,,,
ATXN1,,,0.11502128193039526,0.12168864520834105,
BACH1,,,,,
BAIAP2,,,,0.2466714336048632,
BCL11A,0.3159295594267656,,,,
BCL11B,,,,,
BDP1,,,,,
BMPER,,,,,
BRINP2,,,,,
BRINP3,,,,,
BSN,,,0.07414760035980293,0.3691486353686302,
CACNA1A,0.3639140901609733,0.3604482300567952,0.13952685013833757,0.8829651718956277,
CACNA1B,,,,0.7116003376491933,
CACNA1C,0.3054463966751894,,,0.6597181898245467,0.34442736705787474
CACNA1D,0.281191527721494,,,0.629486897117807,0.3424584817125773
CACNA1E,,,,0.835130954919131,
CACNA2D1,,,,0.7700466415048871,
CACNA2D3,,,,0.6117329076888689,
CACNB2,,,,0.6084977630429612,
CACNB4,,,,0.6821228602214261,
CACNG3,,,,0.6068205754536847,
CADM2,,,,,
CADPS,,,,,
CALN1,,,,,
CAMTA1,,,,,
CAP2,,,,,
CBLN2,,,,,
CCDC136,,,,,
CCDC30,,,,,
CCSER1,,0.3095185072109107,,,
CDH10,,,,,
CDH12,,,,,
CDH13,0.3878801719866538,,,,
CDH22,,,,,
CDH4,,,,,
CDH8,,0.23410694183048059,,,
CDH9,,,,,
CDK14,,,,,
CDKL5,,,,0.8637499962365669,
CELF4,0.30133819046891397,,,,
CEMIP,,,,,
CHL1,,,,0.3495239092769333,
CHRM3,0.36043904040734126,0.5519780154336957,0.10749983115979314,0.10295622761634851,
CHRNA7,0.44193458881829933,0.24548232025830788,0.07554976667909928,0.10225510374535242,0.09430528296076868
CHSY3,,,,,
CIT,,,0.07831057296274221,,0.192174534296591
CLEC16A,,,,,
CLIP4,,,,,
CLSTN2,,,,,
CNR1,0.3562773670762637,0.30884721113190705,,0.6105214481281263,
CNTN3,,,,,
CNTN4,,,,,
CNTN5,,,,,
CNTN6,,,,0.09882005421743033,
CNTNAP2,0.3742076154835612,,,0.5209352327737578,
CNTNAP4,,,,,
COL11A1,,,,,0.07428555079162506
COL16A1,,,,,
COL19A1,,,0.08030039269301484,,
COL24A1,,,0.18883690351667834,,0.07585626517403506
COL25A1,,,,,
CORO6,,,,,
CPNE4,,,,,
CPNE5,,,,,
CSMD1,,,,,
CSMD2,,,,,
CSMD3,,,,,
CSRNP3,,,,,
CUX1,0.27335288021421134,,,,0.23723268860607047
CUX2,,,,0.7133956696371112,0.38320559237467344
CYFIP2,,,,0.7962794754393655,
DAAM1,,,,,
DAB1,,,0.07635579571089571,0.10757926516009533,
DAPK1,,,,0.09854118097047748,0.09110144100308251
DCC,,,,,0.21277260954425153
DCLK2,,,,,
DENND5B,,,,,
DGKB,,,,,
DGKD,,,,,
DGKG,,,,0.10206991328402641,
DGKH,,,,,
DGKI,,,,,
DGKZ,,,,,
DIP2A,,,,,
DLC1,,,,,
DLG2,,0.28896378123139593,,,
DLGAP1,,,,,
DLGAP2,0.26190617755794454,,,,
DMD,,,0.11383538288982173,,
DNER,,,,,
DOCK10,,,,,
DOCK3,0.3418626974822397,,0.06989750453829661,,
DOCK4,,,,,
DOCK9,,,,,
DOK5,,,,,
DPP6,,,,0.11245452787729245,
DSCAM,,0.25065953625818527,0.07297317234024324,0.1097199960337326,
DSCAML1,,,,,
DYNC1H1,,,0.13511352524247935,0.17602698156402918,
DYNC1I1,,,,,
DYNC2H1,,,,,
EEPD1,,,,,
EFR3A,,,,,
EGFR,0.4267000848812753,,,0.3409447464374072,0.09372323602957462
ELAVL2,,,,,
ENOX1,,,,,
EPHA3,,,,,
EPHA4,,,0.09832611254224861,0.11155571044993544,0.08295388211455323
EPHA6,,,,,
EPHB6,,,,,
ERBB4,,,0.7039750922427951,,
ERC2,,,,,
ESRRG,,,,,
ETV6,,,,,
EXOC4,,0.21318662280297637,,,
EYA4,,,,,
FAM135B,,,,,
FAT1,,,,,
FAT3,,,,,
FGF12,,,,0.6757902934829023,
FGF13,,,,0.7492441571433426,
FHOD3,,,,,
FMN1,,,,,
FMN2,,,,,
FOCAD,,,,,
FRAS1,,,,,
FREM1,,,,,
FRMPD4,,,,,
FSTL4,,,,,
FSTL5,,,,,
FUT9,,,,,
GABBR1,,,,0.10856609759825564,
GABBR2,,,,0.7435996565055847,
GABRA1,0.3680726893812746,0.322679707732752,0.08560536420935663,0.8837925339369063,0.3571765123090905
GABRA2,0.30150993546110205,0.3000304022472861,,0.8166783385286545,0.3571765123090905
GABRB1,0.4580347874927561,0.4448728869428179,,0.8272181396258289,0.3571765123090905
GABRB2,0.2972827521715188,0.29832109541936935,,0.8638157159893031,0.3571765123090905
GABRD,,0.30156082478607904,,0.7031884390366856,0.36687798349456385
GABRG2,0.31389913384500767,0.31982244114200203,0.07904675511560688,0.8841054387376303,0.359578781364541
GABRG3,,0.2988754652013964,,0.6072132920344452,0.3571765123090905
GAD1,,,,0.7014362611328124,
GALNT14,,,,,
GALNT18,,,,,
GALNTL6,,,,,
GAP43,,,,,0.08769391569211385
GARNL3,,,,,
GAS7,,,0.08098136864945593,,
GCC2,,,,,
GDA,,,,,
GHR,0.2682109616042133,,0.07593608393216537,,
GNPTAB,,,,,
GOLIM4,,,,,
GOT1,0.37181547143407667,0.3754526436838977,,,
GPR158,,,,,
GRIA1,0.32769101896128894,0.3862918832541391,0.1045563964797268,0.6206215643678269,0.09611641798213141
GRIA3,,0.37940934737167253,0.08813632266127902,0.7171122168854208,0.09276454352586014
GRIA4,0.30473550787950837,0.375803377261728,0.09908990379476783,0.633061812323663,0.0929493334532025
GRID1,,,,,
GRID2,,,0.07752755261595952,0.11136038001087102,
GRIK1,0.2636926663534173,,,0.6367696053710438,
GRIK3,,,,0.607634259573349,
GRIN2A,0.6234275987159364,0.6290039778265303,0.3499624350628309,0.8822493988191843,0.34280952247162105
GRIN3A,0.6108729890407243,0.6017081699817503,0.26190347636443745,0.5663882949616653,0.32680006255531086
GRM3,,,,0.21518086881645382,
GRM5,,0.276278509414729,,0.1356298098857348,0.07762488939453314
GRM7,,,,0.39797348571789903,
GRM8,,0.2056675766726306,,,
HCN1,,,,0.7857715167293005,
HDAC9,,,,,0.3605591987410883
HECW1,,,0.08371287194988643,0.10800230567946667,
HECW2,,,,,
HIVEP2,,,,,
HIVEP3,,,,,
HS3ST4,,,,,
HSPA12A,,,,,
HTR2C,0.4466922398530804,0.550766572204934,0.19828884567912383,0.5954461861983297,
IGF1,,,0.12499552498095008,0.1228140076697251,0.11761447456852386
IGSF11,,,,,
IL1RAPL1,,,,,
IL1RAPL2,,,,,
IQSEC1,,,,,
ITGA8,,0.2799487791880503,,,0.05710008754878643
ITPK1,,,,,
ITPR1,,,0.07132585403731038,0.09575211509050023,
ITSN1,,,,,
KALRN,0.28592283973661975,,,0.0971567442763191,
KCNAB1,,,,0.11590371786639915,
KCNB1,,,,0.7776961374244227,0.08045240100859453
KCNB2,,,,,0.07391597093694036
KCNC1,,,,0.5615001986579592,0.07969065616638883
KCNC2,,,0.0804273685973147,0.783168707077881,0.07391597093694036
KCND3,0.2944673731583942,,,0.36437644250025764,0.07447034071896741
KCNH5,,,,0.766108717705375,0.07391597093694036
KCNH7,,,,0.2025199433122537,0.07391597093694036
KCNJ3,0.28247078154646377,,,,
KCNMA1,,,0.07220544452428013,0.8324153387252603,0.0635964120463834
KCNQ3,,,0.09583944791683686,0.7346037885498529,0.07456273568263859
KCNQ5,,,0.08604310131517545,0.5547804785442509,0.07456273568263859
KCNT1,,,,0.8687499698089268,
KCNT2,,,,0.6712032119899465,
KCTD8,,,,,
KHDRBS2,0.340440739117211,,,,
KIDINS220,,,,,
KIF1A,0.5034704720071452,0.49434263754701707,0.10305253946567161,0.09349698248141257,
KIF21A,,,,,
KIF26B,,,,,
KIF5C,,,,,
KIT,0.37061534777865246,,0.3847978573582581,0.10423162860743608,0.26107691786631765
KLF12,,0.29493606069995587,,,
L3MBTL4,,0.24971189833949903,,,
LAMA4,,,,,0.075301895392008
LAMP5,,,,0.10296421689832422,
LDHB,,,,,
LIMCH1,,,0.07277128691434649,,
LINGO2,,,0.30906262028149895,,
LMO7,,,,,
LRFN2,,,,,
LRFN5,,,0.23247976385916044,,
LRP1B,,0.24449739486734381,0.2915503901359802,,
LRRC4C,,0.3277324951496411,,,
LRRC7,,,,,
LRRTM3,,,,0.10320899584606055,
LUZP1,,,,,
LUZP2,,,0.2932775216873324,,
MACROD2,,,,,
MAGI1,,,0.24898712154221728,,
MAGI2,,,,,
MAGI3,,,,,
MAML3,,,,,
MAN1A2,,,,,
MAP1A,,,,,
MAP1B,,,0.0915233276721912,0.09649795717788844,
MAP3K5,,0.2533211964942854,,,
MAP7D2,,,,,
MARK1,,,,,
MAST3,,,,0.5870543088439201,
MCC,,,,,
MCTP1,,,,,
MEF2C,,,0.07234900644419712,0.11962493007043834,
MGAT4C,,,,,
MGAT5,,,,,
MICAL2,,,,,
MLIP,,,,,
MMP16,,,,,
MPDZ,0.2999128878088299,0.21014506553817672,,,
MYH10,,,,,
MYO16,,,,0.11228880759602121,
MYO5A,,,0.08826966755177848,0.09976625593927013,
MYRIP,,,,,
MYT1L,,,,,
NAV2,,,,,
NAV3,,,,,
NCAM1,,,0.08131724764878748,,
NCAM2,,,,,
NDST3,,,,,
NEBL,,,,,
NELL1,,,,,
NELL2,,,,,
NETO1,,,,,
NF1,,,,0.09693524653435937,
NFIB,0.33729546697692925,0.34340710092936655,,,
NGEF,,,,,
NHS,,,,,
NIN,,,,,
NLGN1,,,,,
NOL4,,,,,
NPAS1,,,,,
NPAS2,,,,,
NPAS3,,,0.2609003068919443,0.2672414821059833,
NR2F2,0.3062287507407024,0.32472004505595636,,,
NR3C2,,,,,0.08712924831373524
NRG3,,,,,
NRXN1,,,,,
NRXN3,0.2772087469811687,,,0.25351165158265937,
NTN4,,,,,
NTNG1,,,,,
NTRK3,,,0.08838031205355994,0.24513236583922593,
NXPH1,,,,,
NYAP2,,,,,
OLFM1,,,,,
OPCML,,,0.32823069092683677,,
OSBPL1A,,,,,
OSBPL3,,,,,
OSBPL6,,,,,
OSBPL8,,,,,
OXR1,,,0.0996492007958558,,
PARM1,,,,,
PCDH11X,,,,,
PCDH15,,,,,
PCDH7,,,,0.3684649531959468,
PCDH9,,,,,
PCLO,,,,,
PCSK2,,,0.2999179960907784,,
PDE1A,,,,,0.38018474329273777
PDE1C,,,,,0.38018474329273777
PDE2A,,,,,0.3841115292487627
PDE4B,0.39694705729996865,,0.21601839845250076,,0.4074814704203045
PDZD2,,,,,
PDZRN3,,,,,
PDZRN4,,,,,
PENK,,,,,
PHACTR1,,,,0.6762563306470598,
PI4KA,,,,,
PITPNC1,,,,,
PKD1,,,,,
PKP2,,0.3477675847712119,,,
PLCB1,,,,0.8064438258240364,
PLCB4,,,,,
PLCH1,,,,,
PLCL2,,,,,
PLCXD3,,,,,
PLD3,,,,,
PLD5,,,,,
PLXNA2,,,,0.09536343895930469,
PLXNA4,,,,,
PPARGC1A,,0.26716622333129925,0.3943218745619763,0.11730220062294672,0.08851994521736747
PPFIA2,,,,,
PPFIBP1,,,,,
PPIP5K2,,,,,
PRICKLE1,0.2650465072431903,0.24798548540065452,,0.7417637605738908,
PRICKLE2,,,,0.37931802248893803,
PRKCA,,,,,
PRKD1,,,,,
PRKG1,,,,,
PRMT8,,,,,
PROX1,,,,,
PTCHD4,,,,,
PTK2B,0.4378117054781248,,,,
PTPRD,0.3388299300595241,0.3299854980732297,,,
PTPRE,,,,,
PTPRG,,,,,
PTPRM,,,,,
PTPRN,,,,,
PTPRN2,0.3285054425289494,,,,0.24750880212347845
PTPRO,0.37507607730687276,0.3893921580752473,,,
PTPRR,,,,,
PTPRT,,,,,
RALGAPA2,,,,,
RALYL,,,,,
RAPGEF2,,,,0.5556320105981755,
RAPGEF4,,,,,
RAPGEF5,,,,,
RARB,,,,,
RASAL2,,,,,
RASGRF2,,,,,
RBFOX1,,,0.2507786994416819,0.5640842586085648,
RELN,,,0.08538540667993258,0.804468081934537,
REV3L,,,,,
RGS12,,,,,0.06916532836085922
RGS6,,,,,
RGS7,,,,,
RIMBP2,,,,,
ROBO1,,,,0.09800717024274193,
ROBO2,0.2677672794843187,,0.15252028515149457,,
RORA,,,0.08076574532308606,0.1006649197616297,
RPH3A,0.2886517602564424,,,0.2641225649950596,
RPS6KA2,,,,,
RTN1,,,,,
RUNX1T1,,,,,
RXFP1,,,,,
RYR2,0.31458912978296477,0.2878185501937619,,0.3631868372643823,
RYR3,,,,,
SCN1A,0.3603493813140169,0.5460439193210946,0.6030084324773017,0.9263323779429171,0.2639225661160153
SCN3A,0.3459309271664763,0.5261945636027173,0.5829958506807971,0.894460693741088,0.2602714796081639
SCN3B,,,,,
SCN8A,0.3740886421096306,0.5511732679185428,0.6082664271637692,0.903823762835905,0.2609182443538621
SDK1,0.35968440414816794,,,,
SEMA5B,,,,,
SEMA6D,,,,,
SERPINI1,,,,0.7312161790601593,
SETBP1,,,,,
SEZ6,,,,,
SGCZ,,,,,
SGK1,,,,,
SH3GL3,,,,,
SH3KBP1,,,,,
SHANK2,,,,,
SIPA1L1,,,,,
SIRPA,,,,,
SLC24A2,,,,,
SLC24A3,,,,,
SLC2A13,,0.47440100158134596,,,
SLC35F3,,,,,
SLC35F4,,,,,
SLC44A5,,,,,
SLC4A8,,,,,
SLC6A1,0.2778027779974791,,,0.7833230004380453,0.09899542967867571
SLC6A17,,,,,
SLC8A1,,,,,0.0584972616920051
SLC9A9,,,,,
SLIT2,,,,,
SLIT3,0.32068946777060325,0.3148586077371966,,,
SMARCA2,,,,,
SOBP,,,,,
SORBS1,,,,,
SORBS2,,,,,
SORCS1,0.2815491930172139,,,,
SORCS2,,,,,
SORCS3,,,,,
SORL1,0.6861184602782842,,,,
SOX5,,,,,
SOX6,,,,,
SPARCL1,,,,,0.07800167533298175
SPHKAP,,,,,
SPOCK1,,,,0.2786026172988079,
SPOCK3,,,,,
SPTAN1,,,,0.807697001920735,
SPTBN4,,,0.08416896086835304,0.11847207416290545,
SRGAP3,,,,,
SRRM4,,,,,
ST8SIA1,,,,,
STARD13,,,,,
STRBP,,,,,
STXBP5L,,,,,
SV2A,,,,0.7346885292508288,
SV2C,,0.3414914956807287,,0.327704544056281,
SYNJ2,,,,,
SYT7,,,,,
SYTL2,,,,,
TACC1,,,,,
TENM1,,,,,
TENM2,,,,,
TENM4,,,0.25495710741173383,,
THSD7A,,,,0.21667299359633554,
THSD7B,,,,,
TLE4,,,,,
TLL1,,,,,
TLN2,,,0.0784330580497534,,
TMEFF2,,,,,
TMEM108,,0.22261219380806538,,,
TMEM130,,,,,
TMEM132B,,,,,
TMEM132C,,,,,
TMEM132D,,,,,
TMTC1,,,,,
TNIK,,,,,
TOX,,,,,
TOX2,,,,,
TOX3,,0.3683966056580023,,,
TRERF1,,,,,
TRHDE,,,,,
TRIO,,,0.07167492208406326,,
TRPC3,,,,0.1056174923078355,
TRPC5,,,,,
TRPM2,,,,0.1130021357881443,0.08489085062431828
TRPM3,,,,,
TRPS1,,,,,
TSC22D1,,,,,
TSHZ3,,,,,
TTBK2,,,,,
TTLL11,,,,,
UNC13C,,,,,
UNC5C,,,0.07305291375929761,,
UNC5D,,,,,
USP11,,,,,
USP25,,0.22230403728821613,,0.13055080638333447,0.07574333799621472
UST,,,0.3049941338540768,,
VIP,,,,,0.07813320403579649
VPS13D,,,,,
WASF3,,,,,
WNK2,,,,,
WWP1,,,,,
XKR4,,,,,
XYLT1,,,,,
ZBTB16,,,,,
ZFYVE28,,,,,
ZMAT4,0.3079267651175039,,,,
