gene,neuro_disease_max_score,neuro_disease_mean_score,neuro_disease_count
ABCC8,0.30058947667621044,0.30058947667621044,1
ADAM23,0.11087326589240756,0.08877981781341975,2
ADARB2,0.3047684659359167,0.3047684659359167,1
ADCY1,0.3297273373806755,0.3297273373806755,1
ADCY8,0.11929210305169981,0.11929210305169981,1
ADRA1A,0.3941718911858448,0.3202468560837443,3
ANK1,0.08785840575629382,0.08785840575629382,1
ANO4,0.5158898021871751,0.5158898021871751,1
ANO5,0.30681403876551044,0.19728968726843077,2
ARID5B,0.2969011727958399,0.2969011727958399,1
ARPP21,0.08126296692306516,0.07497674467952341,2
ASIC2,0.10942798294035698,0.10942798294035698,1
ATP1A3,0.7922434779946997,0.4422981510104239,2
ATP8A2,0.13866828317730764,0.10731796969327301,2
ATXN1,0.12168864520834105,0.11835496356936816,2
BAIAP2,0.2466714336048632,0.2466714336048632,1
BCL11A,0.3159295594267656,0.3159295594267656,1
BSN,0.3691486353686302,0.22164811786421657,2
CACNA1A,0.8829651718956277,0.43671358556293344,4
CACNA1B,0.7116003376491933,0.7116003376491933,1
CACNA1C,0.6597181898245467,0.43653065118587026,3
CACNA1D,0.629486897117807,0.4177123021839595,3
CACNA1E,0.835130954919131,0.835130954919131,1
CACNA2D1,0.7700466415048871,0.7700466415048871,1
CACNA2D3,0.6117329076888689,0.6117329076888689,1
CACNB2,0.6084977630429612,0.6084977630429612,1
CACNB4,0.6821228602214261,0.6821228602214261,1
CACNG3,0.6068205754536847,0.6068205754536847,1
CCSER1,0.3095185072109107,0.3095185072109107,1
CDH13,0.3878801719866538,0.3878801719866538,1
CDH8,0.23410694183048059,0.23410694183048059,1
CDKL5,0.8637499962365669,0.8637499962365669,1
CELF4,0.30133819046891397,0.30133819046891397,1
CHL1,0.3495239092769333,0.3495239092769333,1
CHRM3,0.5519780154336957,0.28071827865429466,4
CHRNA7,0.44193458881829933,0.19190541249236553,5
CIT,0.192174534296591,0.1352425536296666,2
CNR1,0.6105214481281263,0.425215342112099,3
CNTN6,0.09882005421743033,0.09882005421743033,1
CNTNAP2,0.5209352327737578,0.44757142412865947,2
COL11A1,0.07428555079162506,0.07428555079162506,1
COL19A1,0.08030039269301484,0.08030039269301484,1
COL24A1,0.18883690351667834,0.1323465843453567,2
CUX1,0.27335288021421134,0.2552927844101409,2
CUX2,0.7133956696371112,0.5483006310058923,2
CYFIP2,0.7962794754393655,0.7962794754393655,1
DAB1,0.10757926516009533,0.09196753043549552,2
DAPK1,0.09854118097047748,0.09482131098678,2
DCC,0.21277260954425153,0.21277260954425153,1
DGKG,0.10206991328402641,0.10206991328402641,1
DLG2,0.28896378123139593,0.28896378123139593,1
DLGAP2,0.26190617755794454,0.26190617755794454,1
DMD,0.11383538288982173,0.11383538288982173,1
DOCK3,0.3418626974822397,0.20588010101026816,2
DPP6,0.11245452787729245,0.11245452787729245,1
DSCAM,0.25065953625818527,0.1444509015440537,3
DYNC1H1,0.17602698156402918,0.15557025340325425,2
EGFR,0.4267000848812753,0.2871226891160857,3
EPHA4,0.11155571044993544,0.09761190170224576,3
ERBB4,0.7039750922427951,0.7039750922427951,1
EXOC4,0.21318662280297637,0.21318662280297637,1
FGF12,0.6757902934829023,0.6757902934829023,1
FGF13,0.7492441571433426,0.7492441571433426,1
GABBR1,0.10856609759825564,0.10856609759825564,1
GABBR2,0.7435996565055847,0.7435996565055847,1
GABRA1,0.8837925339369063,0.403465361513876,5
GABRA2,0.8166783385286545,0.44384879713653325,4
GABRB1,0.8272181396258289,0.5218255815926234,4
GABRB2,0.8638157159893031,0.4541490189723204,4
GABRD,0.7031884390366856,0.4572090824391095,3
GABRG2,0.8841054387376303,0.39129051004095755,5
GABRG3,0.6072132920344452,0.421088423181644,3
GAD1,0.7014362611328124,0.7014362611328124,1
GAP43,0.08769391569211385,0.08769391569211385,1
GAS7,0.08098136864945593,0.08098136864945593,1
GHR,0.2682109616042133,0.17207352276818935,2
GOT1,0.3754526436838977,0.37363405755898715,2
GRIA1,0.6206215643678269,0.30705545620902264,5
GRIA3,0.7171122168854208,0.31935560761105813,4
GRIA4,0.633061812323663,0.3011279869425739,5
GRID2,0.11136038001087102,0.09444396631341527,2
GRIK1,0.6367696053710438,0.4502311358622305,2
GRIK3,0.607634259573349,0.607634259573349,1
GRIN2A,0.8822493988191843,0.5654905865792206,5
GRIN3A,0.6108729890407243,0.4735345985807776,5
GRM3,0.21518086881645382,0.21518086881645382,1
GRM5,0.276278509414729,0.16317773623166565,3
GRM7,0.39797348571789903,0.39797348571789903,1
GRM8,0.2056675766726306,0.2056675766726306,1
HCN1,0.7857715167293005,0.7857715167293005,1
HDAC9,0.3605591987410883,0.3605591987410883,1
HECW1,0.10800230567946667,0.09585758881467654,2
HTR2C,0.5954461861983297,0.44779846098386694,4
IGF1,0.12499552498095008,0.12180800240639968,3
ITGA8,0.2799487791880503,0.16852443336841835,2
ITPR1,0.09575211509050023,0.08353898456390531,2
KALRN,0.28592283973661975,0.19153979200646942,2
KCNAB1,0.11590371786639915,0.11590371786639915,1
KCNB1,0.7776961374244227,0.4290742692165086,2
KCNB2,0.07391597093694036,0.07391597093694036,1
KCNC1,0.5615001986579592,0.320595427412174,2
KCNC2,0.783168707077881,0.31250401553737867,3
KCND3,0.36437644250025764,0.2444380521258731,3
KCNH5,0.766108717705375,0.4200123443211577,2
KCNH7,0.2025199433122537,0.13821795712459703,2
KCNJ3,0.28247078154646377,0.28247078154646377,1
KCNMA1,0.8324153387252603,0.3227390650986413,3
KCNQ3,0.7346037885498529,0.30166865738310944,3
KCNQ5,0.5547804785442509,0.23846210518068833,3
KCNT1,0.8687499698089268,0.8687499698089268,1
KCNT2,0.6712032119899465,0.6712032119899465,1
KHDRBS2,0.340440739117211,0.340440739117211,1
KIF1A,0.5034704720071452,0.29859065787531164,4
KIT,0.3847978573582581,0.28018043790266606,4
KLF12,0.29493606069995587,0.29493606069995587,1
L3MBTL4,0.24971189833949903,0.24971189833949903,1
LAMA4,0.075301895392008,0.075301895392008,1
LAMP5,0.10296421689832422,0.10296421689832422,1
LIMCH1,0.07277128691434649,0.07277128691434649,1
LINGO2,0.30906262028149895,0.30906262028149895,1
LRFN5,0.23247976385916044,0.23247976385916044,1
LRP1B,0.2915503901359802,0.26802389250166203,2
LRRC4C,0.3277324951496411,0.3277324951496411,1
LRRTM3,0.10320899584606055,0.10320899584606055,1
LUZP2,0.2932775216873324,0.2932775216873324,1
MAGI1,0.24898712154221728,0.24898712154221728,1
MAP1B,0.09649795717788844,0.09401064242503981,2
MAP3K5,0.2533211964942854,0.2533211964942854,1
MAST3,0.5870543088439201,0.5870543088439201,1
MEF2C,0.11962493007043834,0.09598696825731773,2
MPDZ,0.2999128878088299,0.2550289766735033,2
MYO16,0.11228880759602121,0.11228880759602121,1
MYO5A,0.09976625593927013,0.0940179617455243,2
NCAM1,0.08131724764878748,0.08131724764878748,1
NF1,0.09693524653435937,0.09693524653435937,1
NFIB,0.34340710092936655,0.3403512839531479,2
NPAS3,0.2672414821059833,0.2640708944989638,2
NR2F2,0.32472004505595636,0.3154743978983294,2
NR3C2,0.08712924831373524,0.08712924831373524,1
NRXN3,0.2772087469811687,0.265360199281914,2
NTRK3,0.24513236583922593,0.16675633894639294,2
OPCML,0.32823069092683677,0.32823069092683677,1
OXR1,0.0996492007958558,0.0996492007958558,1
PCDH7,0.3684649531959468,0.3684649531959468,1
PCSK2,0.2999179960907784,0.2999179960907784,1
PDE1A,0.38018474329273777,0.38018474329273777,1
PDE1C,0.38018474329273777,0.38018474329273777,1
PDE2A,0.3841115292487627,0.3841115292487627,1
PDE4B,0.4074814704203045,0.34014897539092465,3
PHACTR1,0.6762563306470598,0.6762563306470598,1
PKP2,0.3477675847712119,0.3477675847712119,1
PLCB1,0.8064438258240364,0.8064438258240364,1
PLXNA2,0.09536343895930469,0.09536343895930469,1
PPARGC1A,0.3943218745619763,0.21682756093339745,4
PRICKLE1,0.7417637605738908,0.41826525107257856,3
PRICKLE2,0.37931802248893803,0.37931802248893803,1
PTK2B,0.4378117054781248,0.4378117054781248,1
PTPRD,0.3388299300595241,0.3344077140663769,2
PTPRN2,0.3285054425289494,0.28800712232621395,2
PTPRO,0.3893921580752473,0.38223411769106,2
RAPGEF2,0.5556320105981755,0.5556320105981755,1
RBFOX1,0.5640842586085648,0.40743147902512333,2
RELN,0.804468081934537,0.4449267443072348,2
RGS12,0.06916532836085922,0.06916532836085922,1
ROBO1,0.09800717024274193,0.09800717024274193,1
ROBO2,0.2677672794843187,0.21014378231790665,2
RORA,0.1006649197616297,0.09071533254235788,2
RPH3A,0.2886517602564424,0.276387162625751,2
RYR2,0.3631868372643823,0.3218648390803696,3
SCN1A,0.9263323779429171,0.5399313354342692,5
SCN3A,0.894460693741088,0.5219707029598485,5
SCN8A,0.903823762835905,0.5396540688763419,5
SDK1,0.35968440414816794,0.35968440414816794,1
SERPINI1,0.7312161790601593,0.7312161790601593,1
SLC2A13,0.47440100158134596,0.47440100158134596,1
SLC6A1,0.7833230004380453,0.38670706937140004,3
SLC8A1,0.0584972616920051,0.0584972616920051,1
SLIT3,0.32068946777060325,0.3177740377538999,2
SORCS1,0.2815491930172139,0.2815491930172139,1
SORL1,0.6861184602782842,0.6861184602782842,1
SPARCL1,0.07800167533298175,0.07800167533298175,1
SPOCK1,0.2786026172988079,0.2786026172988079,1
SPTAN1,0.807697001920735,0.807697001920735,1
SPTBN4,0.11847207416290545,0.10132051751562925,2
SV2A,0.7346885292508288,0.7346885292508288,1
SV2C,0.3414914956807287,0.33459801986850485,2
TENM4,0.25495710741173383,0.25495710741173383,1
THSD7A,0.21667299359633554,0.21667299359633554,1
TLN2,0.0784330580497534,0.0784330580497534,1
TMEM108,0.22261219380806538,0.22261219380806538,1
TOX3,0.3683966056580023,0.3683966056580023,1
TRIO,0.07167492208406326,0.07167492208406326,1
TRPC3,0.1056174923078355,0.1056174923078355,1
TRPM2,0.1130021357881443,0.09894649320623129,2
UNC5C,0.07305291375929761,0.07305291375929761,1
USP25,0.22230403728821613,0.14286606055592177,3
UST,0.3049941338540768,0.3049941338540768,1
VIP,0.07813320403579649,0.07813320403579649,1
ZMAT4,0.3079267651175039,0.3079267651175039,1
