target,internal_r2_mean,internal_r2_sd,internal_spearman_mean,internal_spearman_sd,internal_mae_mean,calibration_intercept,calibration_slope,coverage90,coverage95,external_m1_spearman,external_m1_r2,external_m1_mae,signal_over_permutation_delta,leakage_inflation_delta,external_status
adaptation,0.21087461009144004,0.015555456270536299,0.708070723142543,0.021989096609979254,0.06458083126021152,-0.023928937939320306,1.3119976974682297,0.9001135618312315,0.9496441354496561,-0.4612773207792682,-17.413710824038453,0.686379609768838,0.6625425241411803,0.003988976537589117,compatible M1 trait
avg_isi,0.28654085950248664,0.03850897610404337,0.6782408219495691,0.029125187391027253,21.78906683460694,-18.684840149932455,1.3289428339652631,0.9003796638120045,0.9501898319060021,,,,0.6883436703118683,0.003349279597033794,not harmonized to M1
f_i_curve_slope,0.5402933172510525,0.027027022032659498,0.6580299963705104,0.028463695174854725,0.14060055333338306,-0.07091240657767256,1.189165677497679,0.9003841613102711,0.9499147349286959,,,,0.6792840993296302,-0.0022971598321561704,not harmonized to M1
latency,0.16789757806132738,0.07746265931120583,0.613914568909647,0.03218782681782931,0.011938006927670903,-0.014159981330515117,1.473149017568298,0.8995592451698743,0.948273522852913,0.2554634732354029,-0.4915673236683855,71.42870380767933,0.6302781606338894,-0.0017294431811269995,compatible M1 trait
ri,0.5577581904133566,0.010874628913694447,0.7990590179652259,0.010336416848642607,43.37008185742128,-38.442935044638716,1.1874209981144113,0.9006521372486554,0.9493694132638719,0.5561967401560213,0.11971178138626615,78.70871355765516,0.7722176886609526,0.0007748766425108577,compatible M1 trait
sag,0.22621347016130738,0.06043418549332609,0.5840659227819806,0.02258672574647549,0.03984719464868076,-0.04527847867855737,1.5835698505213902,0.8998298446489141,0.9493682888893054,0.32676733017525644,-95.16364127257519,1.0398871891810517,0.5706167902210043,-0.008540234770668675,compatible M1 trait
tau,0.6127777665865488,0.09534738482340017,0.8744227711758731,0.00609718593522445,3.7352627925058206,-3.879109901932224,1.2366147906607212,0.9003796638120045,0.9490943162865657,0.4997263526635375,0.27482610004279395,4.420736276025239,0.853582363788462,0.00011233659696130438,compatible M1 trait
threshold_i_long_square,0.6735890770643888,0.01591648073333062,0.8082141925362185,0.014857859863827412,35.939661667623696,-14.418005298156723,1.1215514026874662,0.8995614939190075,0.9488214680583924,0.6121202897426967,-0.4338616839854572,71.22424147105885,0.7948138367668106,-0.0016775390581481586,compatible M1 trait
threshold_v_long_square,0.14231451144614318,0.010861809965276751,0.43333254060731247,0.017449647698239548,4.434564066829802,9.977458791562178,1.282562131512659,0.899836590896314,0.9504645540917865,0.18495674056066805,-0.029006918295447104,5.666866039988092,0.4108427396316187,-8.139277894336772e-06,compatible M1 trait
upstroke_downstroke_ratio_long_square,0.7323831952180492,0.027517112728142123,0.9085914333709859,0.007585112812888567,0.333940838302622,-0.6239534216261613,1.2538049529525495,0.8995667410003186,0.9491006877424433,0.6271674024418086,0.1946049270983955,0.9128169256210962,0.9306155839722018,0.001193200631470659,compatible M1 trait
vrest,0.11097055025081444,0.026996767721260265,0.3250742277289901,0.04024913505591988,4.688560744384654,16.227938976872192,1.2379362249627752,0.9003849108933156,0.9496456346157449,0.22939302586370483,-0.5501276114876459,8.576553751993456,0.32337137045033376,0.0032355383212643862,compatible M1 trait
