trait,r2,mae,spearman,fold,model,n_train,n_test,n_genes,n_groups_train,n_groups_test
vrest,-0.33098340080912947,5.851897847231533,0.23744809367821934,1,ridge_all,2923,731,1302,749,187
ri,0.46046000379052643,50.22808491135239,0.7421421590661614,1,ridge_all,2923,731,1302,749,187
sag,0.08394984186846943,0.04925248643780689,0.4999802466435423,1,ridge_all,2923,731,1302,749,187
tau,0.5144796097785673,4.794809435155707,0.7489227969401037,1,ridge_all,2923,731,1302,749,187
f_i_curve_slope,0.21396353020952497,0.185219176502207,0.48663783659506527,1,ridge_all,2923,731,1302,749,187
adaptation,-0.17402505436977034,0.10158292857510044,0.3740151815142991,1,ridge_all,2923,731,1302,749,187
latency,-0.01805525168391875,0.018558022204305955,0.43599880002126373,1,ridge_all,2923,731,1302,749,187
avg_isi,0.018426998807353656,32.940869351494754,0.5129687890283835,1,ridge_all,2923,731,1302,749,187
upstroke_downstroke_ratio_long_square,0.7064594791022056,0.35724700674014764,0.8745273249132219,1,ridge_all,2923,731,1302,749,187
peak_v_long_square,-0.3197618427873108,9.58200427011215,0.2827496646689259,1,ridge_all,2923,731,1302,749,187
trough_v_long_square,-0.25060634597166254,5.692047760850616,0.38768815827689235,1,ridge_all,2923,731,1302,749,187
fast_trough_v_long_square,-0.06491454118362072,5.598000568912451,0.4913744705827498,1,ridge_all,2923,731,1302,749,187
threshold_v_long_square,-0.35434902715610117,5.510839470637323,0.24847538507643976,1,ridge_all,2923,731,1302,749,187
threshold_i_long_square,0.5609811573762398,44.63340940456075,0.7407802217336751,1,ridge_all,2923,731,1302,749,187
threshold_v_short_square,-0.27514670612160463,6.062849789223583,0.28234946034926633,1,ridge_all,2923,731,1302,749,187
threshold_i_short_square,-0.06227297938103993,148.23672957487565,0.4923329805559607,1,ridge_all,2923,731,1302,749,187
threshold_v_ramp,-0.4629777380571012,7.090805975798127,0.18133795138097816,1,ridge_all,2923,731,1302,749,187
threshold_i_ramp,0.4090391358501395,60.847961512488595,0.6814425387682695,1,ridge_all,2923,731,1302,749,187
vrest,0.1267257056476827,4.735000428449187,0.33358436173157374,1,pls_all,2923,731,1302,749,187
ri,0.5443668577206963,44.84611943962319,0.7805481248137925,1,pls_all,2923,731,1302,749,187
sag,0.12333116778126929,0.04453903589044662,0.4629028586455341,1,pls_all,2923,731,1302,749,187
tau,0.6760474262601927,3.8025949000867487,0.837204632791862,1,pls_all,2923,731,1302,749,187
f_i_curve_slope,0.4369346722305266,0.1498344082605599,0.512254823352144,1,pls_all,2923,731,1302,749,187
adaptation,0.18783740998378762,0.07208210038760766,0.6535266499812757,1,pls_all,2923,731,1302,749,187
latency,0.056484045131464655,0.012782855782041738,0.615710661787284,1,pls_all,2923,731,1302,749,187
avg_isi,0.2669745957866504,23.846871671033796,0.6558592407143038,1,pls_all,2923,731,1302,749,187
upstroke_downstroke_ratio_long_square,0.7612801098225239,0.32777564838377216,0.8881517033199463,1,pls_all,2923,731,1302,749,187
peak_v_long_square,0.15758217042849376,7.592563647033525,0.43135022264187556,1,pls_all,2923,731,1302,749,187
trough_v_long_square,0.2671387963745562,4.260666948077762,0.5677211891296686,1,pls_all,2923,731,1302,749,187
fast_trough_v_long_square,0.3627808813984209,4.29485378790886,0.6545371292460663,1,pls_all,2923,731,1302,749,187
threshold_v_long_square,0.12682430709008263,4.4175211051742975,0.3734947419776742,1,pls_all,2923,731,1302,749,187
threshold_i_long_square,0.6269199616945419,40.63478741216444,0.778914864229865,1,pls_all,2923,731,1302,749,187
threshold_v_short_square,0.1181695231330776,4.82179303290986,0.39011339411757273,1,pls_all,2923,731,1302,749,187
threshold_i_short_square,0.026562561955510877,143.5605977703306,0.5119830323743545,1,pls_all,2923,731,1302,749,187
threshold_v_ramp,0.09247454484369444,5.544996825999133,0.31693282672869943,1,pls_all,2923,731,1302,749,187
threshold_i_ramp,0.5276144870822606,54.30437010565915,0.7245968730415038,1,pls_all,2923,731,1302,749,187
vrest,0.15045202133005975,4.722928038521857,0.3665331753474425,1,extra_trees_var400,2923,731,400,749,187
ri,0.5430743437641636,43.55504041105378,0.8029615967146292,1,extra_trees_var400,2923,731,400,749,187
sag,0.14095538483219106,0.04329793179845273,0.5709109246506221,1,extra_trees_var400,2923,731,400,749,187
tau,0.6637013458847489,3.8150590381219645,0.8562658230375748,1,extra_trees_var400,2923,731,400,749,187
f_i_curve_slope,0.5133146036000764,0.13919866694061364,0.6037278456723938,1,extra_trees_var400,2923,731,400,749,187
adaptation,0.21062479388329292,0.06906191180730824,0.696900596993742,1,extra_trees_var400,2923,731,400,749,187
latency,0.06646504515579776,0.011964070835957125,0.6446554779902833,1,extra_trees_var400,2923,731,400,749,187
avg_isi,0.256050212472653,23.373473549308724,0.666323973066037,1,extra_trees_var400,2923,731,400,749,187
upstroke_downstroke_ratio_long_square,0.7599746236114249,0.3267956860552882,0.8988854253100401,1,extra_trees_var400,2923,731,400,749,187
peak_v_long_square,0.17783170500603807,7.584480280641518,0.46033639349867456,1,extra_trees_var400,2923,731,400,749,187
trough_v_long_square,0.27066571482232804,4.19101655410234,0.5863630226492126,1,extra_trees_var400,2923,731,400,749,187
fast_trough_v_long_square,0.35439053104508145,4.280046847152433,0.6549486325529736,1,extra_trees_var400,2923,731,400,749,187
threshold_v_long_square,0.13254503064878953,4.372182277012711,0.4174439757355327,1,extra_trees_var400,2923,731,400,749,187
threshold_i_long_square,0.697481463888483,35.30101652088504,0.808835319329768,1,extra_trees_var400,2923,731,400,749,187
threshold_v_short_square,0.11954947079978184,4.842444893573043,0.4072072545889306,1,extra_trees_var400,2923,731,400,749,187
threshold_i_short_square,0.4059818496992963,110.79758245812158,0.6442074091842919,1,extra_trees_var400,2923,731,400,749,187
threshold_v_ramp,0.10185798309157823,5.450955208300507,0.38135965089634183,1,extra_trees_var400,2923,731,400,749,187
threshold_i_ramp,0.595962187555092,49.83843173884053,0.7605389420261532,1,extra_trees_var400,2923,731,400,749,187
vrest,0.07946198044162844,4.93023742340115,0.3354361083368688,1,ridge_cbe_top500,2923,731,500,749,187
ri,0.5424234124971534,44.546642772261535,0.7713154574504897,1,ridge_cbe_top500,2923,731,500,749,187
sag,0.19581488737133101,0.042022351982655755,0.5577843431148801,1,ridge_cbe_top500,2923,731,500,749,187
tau,0.6318890298698648,4.073608789251285,0.7976661240381758,1,ridge_cbe_top500,2923,731,500,749,187
f_i_curve_slope,0.41669970295319225,0.15314824868957633,0.5587348733210732,1,ridge_cbe_top500,2923,731,500,749,187
adaptation,0.08783860515988262,0.08151184308747648,0.5305677507869854,1,ridge_cbe_top500,2923,731,500,749,187
latency,0.05197949915114641,0.0144142227152202,0.5337238376999581,1,ridge_cbe_top500,2923,731,500,749,187
avg_isi,0.20736562320840013,26.659984502450765,0.597636437152196,1,ridge_cbe_top500,2923,731,500,749,187
upstroke_downstroke_ratio_long_square,0.7737493499660566,0.31586360518999695,0.9008012551215107,1,ridge_cbe_top500,2923,731,500,749,187
peak_v_long_square,0.07943069123717705,8.043142880395889,0.3942959814758438,1,ridge_cbe_top500,2923,731,500,749,187
trough_v_long_square,0.2298987849963432,4.429612978097233,0.5585801341484357,1,ridge_cbe_top500,2923,731,500,749,187
fast_trough_v_long_square,0.3257420470726812,4.465140539615161,0.6417106525795283,1,ridge_cbe_top500,2923,731,500,749,187
threshold_v_long_square,0.09140918763928163,4.560593774908555,0.38995804025262976,1,ridge_cbe_top500,2923,731,500,749,187
threshold_i_long_square,0.6814705770576399,36.7574161879394,0.797227976593344,1,ridge_cbe_top500,2923,731,500,749,187
threshold_v_short_square,0.07389793326659821,5.1114945636615445,0.37887643563612483,1,ridge_cbe_top500,2923,731,500,749,187
threshold_i_short_square,0.29717043210952343,120.59100196554174,0.5978952877115697,1,ridge_cbe_top500,2923,731,500,749,187
threshold_v_ramp,0.06061283499845327,5.685059055201217,0.35258577404690344,1,ridge_cbe_top500,2923,731,500,749,187
threshold_i_ramp,0.5679032206831769,51.39976021922435,0.7460746128819581,1,ridge_cbe_top500,2923,731,500,749,187
vrest,-0.4196916856561419,6.074066875529209,0.1728608543464911,2,ridge_all,2923,731,1302,749,187
ri,0.4947642819224385,50.12370724395083,0.7447235322965667,2,ridge_all,2923,731,1302,749,187
sag,-0.2121643261159729,0.053564432691598295,0.4241328875567064,2,ridge_all,2923,731,1302,749,187
tau,0.5334513598630444,4.874315367415177,0.7558472546367395,2,ridge_all,2923,731,1302,749,187
f_i_curve_slope,0.3042729673604835,0.18837275692159092,0.4854104590054591,2,ridge_all,2923,731,1302,749,187
adaptation,-0.33277428486370986,0.09990996138044388,0.36809181654999484,2,ridge_all,2923,731,1302,749,187
latency,-0.5741392492038202,0.020749768579876742,0.3186316074529827,2,ridge_all,2923,731,1302,749,187
avg_isi,-0.08167601128710045,31.553383870648208,0.4179412580180138,2,ridge_all,2923,731,1302,749,187
upstroke_downstroke_ratio_long_square,0.6630322410628633,0.36479580080482765,0.8789049820545519,2,ridge_all,2923,731,1302,749,187
peak_v_long_square,-0.17022074324095704,9.72761676584154,0.28801801999073307,2,ridge_all,2923,731,1302,749,187
trough_v_long_square,-0.09069387358058312,5.609138859801004,0.41822357145996525,2,ridge_all,2923,731,1302,749,187
fast_trough_v_long_square,0.0556346170822426,5.568179856632328,0.5143800372174705,2,ridge_all,2923,731,1302,749,187
threshold_v_long_square,-0.28456301237555426,5.66536858897815,0.26609710991045715,2,ridge_all,2923,731,1302,749,187
threshold_i_long_square,0.5617805349973761,43.83287435633309,0.7348386282317259,2,ridge_all,2923,731,1302,749,187
threshold_v_short_square,-0.41872055159955557,6.766764965374466,0.19674155561097736,2,ridge_all,2923,731,1302,749,187
threshold_i_short_square,0.1328903027451851,136.58573683210216,0.5303084763891867,2,ridge_all,2923,731,1302,749,187
threshold_v_ramp,-0.37151008826414333,7.411019666950776,0.15888630117976846,2,ridge_all,2923,731,1302,749,187
threshold_i_ramp,0.36501025455483815,63.49284101074503,0.6651314187656089,2,ridge_all,2923,731,1302,749,187
vrest,0.09114385844168627,4.7485674620791,0.31728861066933156,2,pls_all,2923,731,1302,749,187
ri,0.6008249615392058,43.45405659499285,0.7952899148858411,2,pls_all,2923,731,1302,749,187
sag,0.2245255774765842,0.04213307783320572,0.4633127638324952,2,pls_all,2923,731,1302,749,187
tau,0.6726228550226736,3.8758475579702467,0.863115629635933,2,pls_all,2923,731,1302,749,187
f_i_curve_slope,0.48713511950197297,0.15471480143336483,0.5329087149766818,2,pls_all,2923,731,1302,749,187
adaptation,0.18714458314782623,0.06883646153346609,0.6322641432342604,2,pls_all,2923,731,1302,749,187
latency,0.19644463346977903,0.011726688597117247,0.5419299259127279,2,pls_all,2923,731,1302,749,187
avg_isi,0.24140687698901442,22.714003075837446,0.6178854094726822,2,pls_all,2923,731,1302,749,187
upstroke_downstroke_ratio_long_square,0.7309312716509826,0.3156903023380296,0.906908175769851,2,pls_all,2923,731,1302,749,187
peak_v_long_square,0.16684014987384777,8.202550539370783,0.4517396204191283,2,pls_all,2923,731,1302,749,187
trough_v_long_square,0.24356145755814518,4.588800733682183,0.4990887793400798,2,pls_all,2923,731,1302,749,187
fast_trough_v_long_square,0.33394629907888485,4.632176366464899,0.5953956164737519,2,pls_all,2923,731,1302,749,187
threshold_v_long_square,0.12207122158621386,4.633542578396114,0.38614354908842613,2,pls_all,2923,731,1302,749,187
threshold_i_long_square,0.6306247041591646,39.61337758419402,0.7840744651967642,2,pls_all,2923,731,1302,749,187
threshold_v_short_square,0.09142297734138605,5.178952129073406,0.3478058293765902,2,pls_all,2923,731,1302,749,187
threshold_i_short_square,0.1658732378486002,134.4324256019445,0.5348917762180844,2,pls_all,2923,731,1302,749,187
threshold_v_ramp,0.033479674900083634,5.986183154061233,0.2761010584737451,2,pls_all,2923,731,1302,749,187
threshold_i_ramp,0.4916893071016559,57.24667646799454,0.719412936218897,2,pls_all,2923,731,1302,749,187
vrest,0.10051264059495979,4.7174621268315065,0.316148568588231,2,extra_trees_var400,2923,731,400,749,187
ri,0.5663422359197627,44.43388705159521,0.7949551523141675,2,extra_trees_var400,2923,731,400,749,187
sag,0.27552180241407687,0.04054475855525528,0.5606919265912435,2,extra_trees_var400,2923,731,400,749,187
tau,0.6413980351972718,3.851069475672771,0.8685413513323377,2,extra_trees_var400,2923,731,400,749,187
f_i_curve_slope,0.5287832765693845,0.14541512369989223,0.6351544176170436,2,extra_trees_var400,2923,731,400,749,187
adaptation,0.20012889084829233,0.0662953666212085,0.6586225858587473,2,extra_trees_var400,2923,731,400,749,187
latency,0.25842716394665777,0.011143217454074658,0.5895525246915044,2,extra_trees_var400,2923,731,400,749,187
avg_isi,0.2510844929019135,22.06967456661632,0.6365655720544808,2,extra_trees_var400,2923,731,400,749,187
upstroke_downstroke_ratio_long_square,0.7095747823865792,0.3239128246339516,0.90621204659826,2,extra_trees_var400,2923,731,400,749,187
peak_v_long_square,0.14396299627779452,8.322040334086466,0.4439511084995518,2,extra_trees_var400,2923,731,400,749,187
trough_v_long_square,0.2516064956934059,4.479204755387614,0.5154015845286624,2,extra_trees_var400,2923,731,400,749,187
fast_trough_v_long_square,0.3349755047105796,4.561925946259305,0.6040449236071065,2,extra_trees_var400,2923,731,400,749,187
threshold_v_long_square,0.12268564531155313,4.628395979168851,0.4215157817588478,2,extra_trees_var400,2923,731,400,749,187
threshold_i_long_square,0.6623184181212153,36.16103895151238,0.8127563868583367,2,extra_trees_var400,2923,731,400,749,187
threshold_v_short_square,0.0880616609287469,5.1132981505507935,0.3581990464472116,2,extra_trees_var400,2923,731,400,749,187
threshold_i_short_square,0.3831198784276586,114.5177307812159,0.6485468271976333,2,extra_trees_var400,2923,731,400,749,187
threshold_v_ramp,0.06075453155431554,5.919894374458086,0.3151335164031761,2,extra_trees_var400,2923,731,400,749,187
threshold_i_ramp,0.5373349144504578,54.19166573583605,0.751402968727618,2,extra_trees_var400,2923,731,400,749,187
vrest,-0.06029779214872777,5.160480088514649,0.22226439821537794,2,ridge_cbe_top500,2923,731,500,749,187
ri,0.5776564189949491,45.06654353683625,0.7894567147071853,2,ridge_cbe_top500,2923,731,500,749,187
sag,0.22974385207632375,0.04169682516545965,0.5095608088492579,2,ridge_cbe_top500,2923,731,500,749,187
tau,0.6831839586832504,3.8935077015398796,0.8529690400698219,2,ridge_cbe_top500,2923,731,500,749,187
f_i_curve_slope,0.47485220610221834,0.15701521282512962,0.5462213726161815,2,ridge_cbe_top500,2923,731,500,749,187
adaptation,0.05948316274840992,0.07891836773089504,0.5011030237381277,2,ridge_cbe_top500,2923,731,500,749,187
latency,0.021076890479563848,0.014888647278360673,0.39247436477791875,2,ridge_cbe_top500,2923,731,500,749,187
avg_isi,0.15553509637134277,26.243010413394877,0.5152247268032827,2,ridge_cbe_top500,2923,731,500,749,187
upstroke_downstroke_ratio_long_square,0.7266632324108498,0.31779871101640134,0.90814941156195,2,ridge_cbe_top500,2923,731,500,749,187
peak_v_long_square,0.12514589044103364,8.426109395439665,0.40556486898730737,2,ridge_cbe_top500,2923,731,500,749,187
trough_v_long_square,0.17083930110395484,4.801623301351928,0.4824978600764333,2,ridge_cbe_top500,2923,731,500,749,187
fast_trough_v_long_square,0.28249233656291384,4.7696095119812965,0.5852745290308993,2,ridge_cbe_top500,2923,731,500,749,187
threshold_v_long_square,0.027205696695092207,4.942384397153257,0.34363054707246576,2,ridge_cbe_top500,2923,731,500,749,187
threshold_i_long_square,0.6510130499467073,37.89604724739325,0.7746253445164205,2,ridge_cbe_top500,2923,731,500,749,187
threshold_v_short_square,-0.01481320049056789,5.569799246956772,0.3009672311555742,2,ridge_cbe_top500,2923,731,500,749,187
threshold_i_short_square,0.30074285433396286,122.04321056861232,0.6038905832854282,2,ridge_cbe_top500,2923,731,500,749,187
threshold_v_ramp,-0.09017261968137835,6.409765007752252,0.23446723951466866,2,ridge_cbe_top500,2923,731,500,749,187
threshold_i_ramp,0.4965854535562869,56.79004370380165,0.7105878374801182,2,ridge_cbe_top500,2923,731,500,749,187
vrest,-0.3141325204861265,5.703497320248023,0.1869052757436463,3,ridge_all,2923,731,1302,749,187
ri,0.38688665308751136,50.85582253680379,0.7065785770333854,3,ridge_all,2923,731,1302,749,187
sag,-0.24575574797080368,0.05093246071288499,0.39769063909020286,3,ridge_all,2923,731,1302,749,187
tau,0.41050982578815176,5.010076484420664,0.7115532865990835,3,ridge_all,2923,731,1302,749,187
f_i_curve_slope,0.31862461004386944,0.18297578660690236,0.5538257463723439,3,ridge_all,2923,731,1302,749,187
adaptation,-0.3724129229773232,0.09820334541404381,0.3890900338326151,3,ridge_all,2923,731,1302,749,187
latency,-1.0621116351855093,0.020946583549745528,0.3244398389087356,3,ridge_all,2923,731,1302,749,187
avg_isi,0.017928699569116135,29.098673570739503,0.5590585617825281,3,ridge_all,2923,731,1302,749,187
upstroke_downstroke_ratio_long_square,0.7388375158365575,0.3448342552360335,0.8924426668813014,3,ridge_all,2923,731,1302,749,187
peak_v_long_square,-0.22242205331504783,9.200848804014145,0.2926502955142285,3,ridge_all,2923,731,1302,749,187
trough_v_long_square,-0.007351919980091548,5.484953049884752,0.39583104320435775,3,ridge_all,2923,731,1302,749,187
fast_trough_v_long_square,0.10023633090745476,5.526323875240901,0.4931486807250282,3,ridge_all,2923,731,1302,749,187
threshold_v_long_square,-0.12883343348954646,5.482604539756191,0.34602227043853706,3,ridge_all,2923,731,1302,749,187
threshold_i_long_square,0.5848149069834643,42.54433587270579,0.7524158010007478,3,ridge_all,2923,731,1302,749,187
threshold_v_short_square,-0.16816976540424822,6.196656397708383,0.31348064112002133,3,ridge_all,2923,731,1302,749,187
threshold_i_short_square,0.11254083605367704,137.9005687726236,0.5269476558453448,3,ridge_all,2923,731,1302,749,187
threshold_v_ramp,-0.2992359144729273,7.078544690929218,0.18957045142412113,3,ridge_all,2923,731,1302,749,187
threshold_i_ramp,0.3873483369316425,59.54729414077638,0.6626047600195649,3,ridge_all,2923,731,1302,749,187
vrest,0.07387595404237246,4.7952991841873915,0.2613300552387407,3,pls_all,2923,731,1302,749,187
ri,0.5350205911844481,43.043635736412625,0.7659554656554215,3,pls_all,2923,731,1302,749,187
sag,0.21110023208989248,0.039255240607059566,0.4449623257718631,3,pls_all,2923,731,1302,749,187
tau,0.624747013966521,3.713430724386386,0.84917442951047,3,pls_all,2923,731,1302,749,187
f_i_curve_slope,0.5380129634242201,0.14218490007578374,0.5894309181923691,3,pls_all,2923,731,1302,749,187
adaptation,0.12454532916092387,0.06708153181602625,0.6097602470920632,3,pls_all,2923,731,1302,749,187
latency,0.2225937198731871,0.012010754744514195,0.559582276111492,3,pls_all,2923,731,1302,749,187
avg_isi,0.32540641628195044,20.732050223372248,0.6785717453777894,3,pls_all,2923,731,1302,749,187
upstroke_downstroke_ratio_long_square,0.7710734039541719,0.3146726467037122,0.9037395284938327,3,pls_all,2923,731,1302,749,187
peak_v_long_square,0.14694201046003563,7.454743729162531,0.42596262514527555,3,pls_all,2923,731,1302,749,187
trough_v_long_square,0.26156994070324624,4.480078407422279,0.5457757732756187,3,pls_all,2923,731,1302,749,187
fast_trough_v_long_square,0.35234219732570293,4.455631749482334,0.6332728750952736,3,pls_all,2923,731,1302,749,187
threshold_v_long_square,0.17248514800065018,4.539228423757091,0.428634404834993,3,pls_all,2923,731,1302,749,187
threshold_i_long_square,0.6272093604014108,40.38837352901831,0.773178779960948,3,pls_all,2923,731,1302,749,187
threshold_v_short_square,0.13975846743169007,5.00288425006828,0.4118010840677619,3,pls_all,2923,731,1302,749,187
threshold_i_short_square,0.1437210410350631,136.37398824454172,0.532426929244857,3,pls_all,2923,731,1302,749,187
threshold_v_ramp,0.07192440895278418,5.878759119700906,0.29080436598114656,3,pls_all,2923,731,1302,749,187
threshold_i_ramp,0.5045378994370147,53.19523056325084,0.7184543187838371,3,pls_all,2923,731,1302,749,187
vrest,0.08824438266872525,4.754054246987782,0.2730157784158791,3,extra_trees_var400,2923,731,400,749,187
ri,0.5769321984130726,40.229236666334025,0.7931102960606716,3,extra_trees_var400,2923,731,400,749,187
sag,0.2582578856215695,0.03774060578328096,0.5229776694910176,3,extra_trees_var400,2923,731,400,749,187
tau,0.6391505556863719,3.4938190069914676,0.8710187847354172,3,extra_trees_var400,2923,731,400,749,187
f_i_curve_slope,0.5963683675377478,0.1326369145054719,0.6816452899896841,3,extra_trees_var400,2923,731,400,749,187
adaptation,0.17590025930195907,0.0623358650139725,0.688085438949994,3,extra_trees_var400,2923,731,400,749,187
latency,0.31695245969814345,0.011002628245445468,0.6372093371543824,3,extra_trees_var400,2923,731,400,749,187
avg_isi,0.3272177342928899,20.480945877741167,0.7007690806576629,3,extra_trees_var400,2923,731,400,749,187
upstroke_downstroke_ratio_long_square,0.7553711984624929,0.32698783261375286,0.9061473182591364,3,extra_trees_var400,2923,731,400,749,187
peak_v_long_square,0.14675092572323822,7.467878848680937,0.42073730521744523,3,extra_trees_var400,2923,731,400,749,187
trough_v_long_square,0.2618587571333154,4.452044967484143,0.5783233327213485,3,extra_trees_var400,2923,731,400,749,187
fast_trough_v_long_square,0.34457556139950873,4.481432123029583,0.648386651325149,3,extra_trees_var400,2923,731,400,749,187
threshold_v_long_square,0.15628997929638733,4.516179667623844,0.45328861285435756,3,extra_trees_var400,2923,731,400,749,187
threshold_i_long_square,0.6872415794490432,35.75195421481048,0.7961496662684614,3,extra_trees_var400,2923,731,400,749,187
threshold_v_short_square,0.12779678669370464,4.963639537697017,0.42390258202139613,3,extra_trees_var400,2923,731,400,749,187
threshold_i_short_square,0.39469220916240955,111.04759162040911,0.6627941247180185,3,extra_trees_var400,2923,731,400,749,187
threshold_v_ramp,0.08673496107105338,5.72719362895278,0.32765077330375186,3,extra_trees_var400,2923,731,400,749,187
threshold_i_ramp,0.5688523437859407,48.19766969202808,0.7588239542599673,3,extra_trees_var400,2923,731,400,749,187
vrest,-0.01594200358741249,4.92772005901911,0.23258916735762455,3,ridge_cbe_top500,2923,731,500,749,187
ri,0.539663992229236,42.565471724828996,0.7666086935311173,3,ridge_cbe_top500,2923,731,500,749,187
sag,0.1998790210791117,0.040037096858268416,0.4906663086690815,3,ridge_cbe_top500,2923,731,500,749,187
tau,0.5904779513484506,4.02418200754508,0.8016154129019832,3,ridge_cbe_top500,2923,731,500,749,187
f_i_curve_slope,0.5350960176572819,0.14179063487167662,0.6431039485056155,3,ridge_cbe_top500,2923,731,500,749,187
adaptation,0.09539931549501368,0.07438910921046116,0.5661469250352442,3,ridge_cbe_top500,2923,731,500,749,187
latency,-0.037763067091556524,0.014339482632457658,0.4775134407596949,3,ridge_cbe_top500,2923,731,500,749,187
avg_isi,0.26845715911568946,22.921192370799684,0.6511856211169956,3,ridge_cbe_top500,2923,731,500,749,187
upstroke_downstroke_ratio_long_square,0.7907049262240926,0.3023326931672972,0.912904655801604,3,ridge_cbe_top500,2923,731,500,749,187
peak_v_long_square,0.04658960075295304,8.174960201143994,0.36354918823175103,3,ridge_cbe_top500,2923,731,500,749,187
trough_v_long_square,0.20363105564261452,4.732025338375996,0.4947462942879446,3,ridge_cbe_top500,2923,731,500,749,187
fast_trough_v_long_square,0.30584459486438864,4.676726960226317,0.5989787073645007,3,ridge_cbe_top500,2923,731,500,749,187
threshold_v_long_square,0.15516417780902947,4.663665072960432,0.4485635597592534,3,ridge_cbe_top500,2923,731,500,749,187
threshold_i_long_square,0.6733981066676549,37.27612548774275,0.7929262728837937,3,ridge_cbe_top500,2923,731,500,749,187
threshold_v_short_square,0.0899616498744471,5.308864177459266,0.4017567618142481,3,ridge_cbe_top500,2923,731,500,749,187
threshold_i_short_square,0.32326082205634,120.21565627754943,0.6053412593024436,3,ridge_cbe_top500,2923,731,500,749,187
threshold_v_ramp,0.019691030105616902,6.087949292639606,0.2889010390659401,3,ridge_cbe_top500,2923,731,500,749,187
threshold_i_ramp,0.5379352131711417,50.72664907449199,0.7384270720470519,3,ridge_cbe_top500,2923,731,500,749,187
vrest,-0.5040013340914737,6.130259143161634,0.13060759542668327,4,ridge_all,2923,731,1302,748,188
ri,0.48015094811207115,49.17686859530952,0.7062450640605568,4,ridge_all,2923,731,1302,748,188
sag,-0.06377363492975352,0.04868237637565747,0.4774652603587616,4,ridge_all,2923,731,1302,748,188
tau,0.48242256788718574,4.843188450834162,0.7473467064273367,4,ridge_all,2923,731,1302,748,188
f_i_curve_slope,0.3476307765180612,0.17591615636001595,0.5263568047333973,4,ridge_all,2923,731,1302,748,188
adaptation,-0.29511813996192826,0.09765325468025172,0.3919879710353739,4,ridge_all,2923,731,1302,748,188
latency,-0.3428117471404837,0.020990366866043154,0.33334102373271335,4,ridge_all,2923,731,1302,748,188
avg_isi,-0.07640615578165133,29.99303890888945,0.5186110450340511,4,ridge_all,2923,731,1302,748,188
upstroke_downstroke_ratio_long_square,0.7261590705808743,0.36843469468862533,0.8776918249060025,4,ridge_all,2923,731,1302,748,188
peak_v_long_square,-0.35326496800013496,9.84236576551263,0.24103598600436182,4,ridge_all,2923,731,1302,748,188
trough_v_long_square,-0.144190128525568,5.4937665250623064,0.3651116530936068,4,ridge_all,2923,731,1302,748,188
fast_trough_v_long_square,-0.010903037840427787,5.489016825657887,0.45894813769873133,4,ridge_all,2923,731,1302,748,188
threshold_v_long_square,-0.31124377160264927,5.609856370047816,0.28357579433934155,4,ridge_all,2923,731,1302,748,188
threshold_i_long_square,0.5061968012186449,44.53973500862444,0.6964082000060761,4,ridge_all,2923,731,1302,748,188
threshold_v_short_square,-0.35467243874692933,6.450464123792047,0.24886641661512443,4,ridge_all,2923,731,1302,748,188
threshold_i_short_square,0.12573024189958826,138.1645423178125,0.5350317137776068,4,ridge_all,2923,731,1302,748,188
threshold_v_ramp,-0.4997393228296996,7.213651035235875,0.18789814699328908,4,ridge_all,2923,731,1302,748,188
threshold_i_ramp,0.2689155709995964,61.59244422899216,0.624892637173879,4,ridge_all,2923,731,1302,748,188
vrest,0.04043191946090041,4.7707281915879705,0.2526197159387468,4,pls_all,2923,731,1302,748,188
ri,0.5714469224814583,44.87028169450093,0.764616897369557,4,pls_all,2923,731,1302,748,188
sag,0.16941116973035164,0.04094179996229326,0.5008096111292192,4,pls_all,2923,731,1302,748,188
tau,0.668177126338479,3.664456972804148,0.852604662836625,4,pls_all,2923,731,1302,748,188
f_i_curve_slope,0.5159373874963659,0.14443667830275866,0.5460857243043676,4,pls_all,2923,731,1302,748,188
adaptation,0.16273646681549092,0.06693386792808825,0.6308464482205544,4,pls_all,2923,731,1302,748,188
latency,0.18388378341313616,0.01176920197819059,0.6484117630669809,4,pls_all,2923,731,1302,748,188
avg_isi,0.2952923699864297,22.131648518974227,0.6589966144267441,4,pls_all,2923,731,1302,748,188
upstroke_downstroke_ratio_long_square,0.780088505954456,0.31738750850734043,0.9035785217423629,4,pls_all,2923,731,1302,748,188
peak_v_long_square,0.1593342821426862,7.753428532313508,0.4328404718630165,4,pls_all,2923,731,1302,748,188
trough_v_long_square,0.20487383826090588,4.438415554249742,0.4789010221554783,4,pls_all,2923,731,1302,748,188
fast_trough_v_long_square,0.307958729091247,4.4051723321600695,0.577851798501231,4,pls_all,2923,731,1302,748,188
threshold_v_long_square,0.1153665469811479,4.407397893874954,0.368798725940904,4,pls_all,2923,731,1302,748,188
threshold_i_long_square,0.5703857934650776,40.72810219971868,0.752148057204434,4,pls_all,2923,731,1302,748,188
threshold_v_short_square,0.10364891058697723,4.981694148986961,0.3530684728018614,4,pls_all,2923,731,1302,748,188
threshold_i_short_square,0.15836288063969572,134.97777443644244,0.5519239436297867,4,pls_all,2923,731,1302,748,188
threshold_v_ramp,0.06693151112231721,5.605659117372145,0.31119003410605367,4,pls_all,2923,731,1302,748,188
threshold_i_ramp,0.441516021365262,52.97819486333439,0.6935501939155301,4,pls_all,2923,731,1302,748,188
vrest,0.10114389841213922,4.611539339523011,0.32763313316803594,4,extra_trees_var400,2923,731,400,748,188
ri,0.5481828847514048,44.034579567955205,0.7842446387335879,4,extra_trees_var400,2923,731,400,748,188
sag,0.2087508581441443,0.0381820692740866,0.5958573248548528,4,extra_trees_var400,2923,731,400,748,188
tau,0.6488897386662067,3.6533813974948153,0.8677030778678541,4,extra_trees_var400,2923,731,400,748,188
f_i_curve_slope,0.5426102992973281,0.1383569545307544,0.6407554120264372,4,extra_trees_var400,2923,731,400,748,188
adaptation,0.21886470342498687,0.06304032436354688,0.7071675499355942,4,extra_trees_var400,2923,731,400,748,188
latency,0.16344593370483584,0.011601543185478328,0.6587584426838317,4,extra_trees_var400,2923,731,400,748,188
avg_isi,0.32613697017026766,21.453078758558938,0.7160655209008138,4,extra_trees_var400,2923,731,400,748,188
upstroke_downstroke_ratio_long_square,0.7640677272589581,0.3268980345481601,0.9172297806885903,4,extra_trees_var400,2923,731,400,748,188
peak_v_long_square,0.13910688398408977,7.7178026851115265,0.4011308574853789,4,extra_trees_var400,2923,731,400,748,188
trough_v_long_square,0.26427694150986325,4.260843829583466,0.5212052175373726,4,extra_trees_var400,2923,731,400,748,188
fast_trough_v_long_square,0.35689935472983914,4.190543326555436,0.6226844857396435,4,extra_trees_var400,2923,731,400,748,188
threshold_v_long_square,0.13393237568972227,4.380334650535382,0.41374870203336156,4,extra_trees_var400,2923,731,400,748,188
threshold_i_long_square,0.6578346513834596,36.05125690977865,0.7796845242236622,4,extra_trees_var400,2923,731,400,748,188
threshold_v_short_square,0.09977519675260238,4.951291856120639,0.3474879176549752,4,extra_trees_var400,2923,731,400,748,188
threshold_i_short_square,0.3498093055739152,115.50332983519053,0.6412539323998218,4,extra_trees_var400,2923,731,400,748,188
threshold_v_ramp,0.0910741217776283,5.524126593907504,0.3453206649663988,4,extra_trees_var400,2923,731,400,748,188
threshold_i_ramp,0.5321007693505384,49.568608722404434,0.7337145547918875,4,extra_trees_var400,2923,731,400,748,188
vrest,-0.0402776024534901,5.024557115138452,0.22272385575687456,4,ridge_cbe_top500,2923,731,500,748,188
ri,0.5433205113344076,44.938786122059064,0.7572104633506495,4,ridge_cbe_top500,2923,731,500,748,188
sag,0.1469026276889439,0.042207589960457946,0.5325800740551183,4,ridge_cbe_top500,2923,731,500,748,188
tau,0.6234274349580233,4.032018788800897,0.8173193927271398,4,ridge_cbe_top500,2923,731,500,748,188
f_i_curve_slope,0.4776773215198101,0.15544824509140012,0.563569642502088,4,ridge_cbe_top500,2923,731,500,748,188
adaptation,0.12537621880495264,0.07434911274577846,0.5717290761112491,4,ridge_cbe_top500,2923,731,500,748,188
latency,0.056363378784346274,0.015268656108440004,0.47716158769051226,4,ridge_cbe_top500,2923,731,500,748,188
avg_isi,0.20725804631794764,24.60961940109909,0.6178953168716037,4,ridge_cbe_top500,2923,731,500,748,188
upstroke_downstroke_ratio_long_square,0.8017325169123498,0.3045822438219512,0.9182969841877915,4,ridge_cbe_top500,2923,731,500,748,188
peak_v_long_square,0.023904456469169832,8.267999555666478,0.33855176143712534,4,ridge_cbe_top500,2923,731,500,748,188
trough_v_long_square,0.18843708603707798,4.492345782522529,0.4989413625178809,4,ridge_cbe_top500,2923,731,500,748,188
fast_trough_v_long_square,0.2778227978985548,4.503158802860429,0.580024823667842,4,ridge_cbe_top500,2923,731,500,748,188
threshold_v_long_square,0.09067256800352319,4.457756419466846,0.39081989305837345,4,ridge_cbe_top500,2923,731,500,748,188
threshold_i_long_square,0.6075548814158787,38.805278329828184,0.746767398129647,4,ridge_cbe_top500,2923,731,500,748,188
threshold_v_short_square,0.058683348536825775,5.219184500548314,0.3499709582571045,4,ridge_cbe_top500,2923,731,500,748,188
threshold_i_short_square,0.28826072078045206,121.65063476596848,0.6048450942260629,4,ridge_cbe_top500,2923,731,500,748,188
threshold_v_ramp,0.035262873782315296,5.743197118501255,0.303888893326327,4,ridge_cbe_top500,2923,731,500,748,188
threshold_i_ramp,0.4620325874239205,52.707002781694314,0.6970602404279397,4,ridge_cbe_top500,2923,731,500,748,188
vrest,-0.36544683756930985,5.819983915477328,0.18850173541584778,5,ridge_all,2924,730,1302,749,187
ri,0.4182973443889506,51.69595579953377,0.7275458553782032,5,ridge_all,2924,730,1302,749,187
sag,-0.016203519710922043,0.05230398925399314,0.45368061855099273,5,ridge_all,2924,730,1302,749,187
tau,0.40220298362642193,4.739697508265512,0.8121508491148711,5,ridge_all,2924,730,1302,749,187
f_i_curve_slope,0.40578666902063065,0.1793356511131229,0.5984275874960918,5,ridge_all,2924,730,1302,749,187
adaptation,-0.20301313069800986,0.0919788587632718,0.4491006661495161,5,ridge_all,2924,730,1302,749,187
latency,-0.659366308363011,0.021030374544654895,0.29445785563135224,5,ridge_all,2924,730,1302,749,187
avg_isi,0.025284692348667148,29.404279503288755,0.5157708842031534,5,ridge_all,2924,730,1302,749,187
upstroke_downstroke_ratio_long_square,0.6992544642073816,0.3558565165856564,0.8705255695346623,5,ridge_all,2924,730,1302,749,187
peak_v_long_square,-0.22192669500879747,9.532559268591237,0.31299236723501556,5,ridge_all,2924,730,1302,749,187
trough_v_long_square,-0.1118619865353021,5.442376209772475,0.35386987749962523,5,ridge_all,2924,730,1302,749,187
fast_trough_v_long_square,0.01325513180455029,5.472343024739944,0.45396979570969864,5,ridge_all,2924,730,1302,749,187
threshold_v_long_square,-0.2756347730971205,5.463546085215296,0.3050070325914513,5,ridge_all,2924,730,1302,749,187
threshold_i_long_square,0.5717319086341895,43.812667018270304,0.7523201849882224,5,ridge_all,2924,730,1302,749,187
threshold_v_short_square,-0.29005868810152835,6.268870129074968,0.24094574764737825,5,ridge_all,2924,730,1302,749,187
threshold_i_short_square,0.08344569419372727,145.29311916479668,0.5105682436062446,5,ridge_all,2924,730,1302,749,187
threshold_v_ramp,-0.35452370311680115,7.004718869152753,0.2098601981788596,5,ridge_all,2924,730,1302,749,187
threshold_i_ramp,0.3424063398080388,63.58603939562925,0.6596030682200562,5,ridge_all,2924,730,1302,749,187
vrest,0.04853935067617021,4.824160442828172,0.2934928094395641,5,pls_all,2924,730,1302,749,187
ri,0.5181462548409874,47.11046481616384,0.7699157301280385,5,pls_all,2924,730,1302,749,187
sag,0.1445587541491784,0.043438493405988605,0.4783055629010067,5,pls_all,2924,730,1302,749,187
tau,0.4346059638347667,4.216922245049394,0.8442574034242835,5,pls_all,2924,730,1302,749,187
f_i_curve_slope,0.5702177271453523,0.14741133891057479,0.6107479574631658,5,pls_all,2924,730,1302,749,187
adaptation,0.18920896169392531,0.067607914009031,0.6449142756934049,5,pls_all,2924,730,1302,749,187
latency,0.06861744861831853,0.012577386820392411,0.5293647873586061,5,pls_all,2924,730,1302,749,187
avg_isi,0.29516369599745707,22.588125675160285,0.6498983910099574,5,pls_all,2924,730,1302,749,187
upstroke_downstroke_ratio_long_square,0.764113016370446,0.3167257424892528,0.8913229516081679,5,pls_all,2924,730,1302,749,187
peak_v_long_square,0.18323050800130036,7.527744171510914,0.47141919877059557,5,pls_all,2924,730,1302,749,187
trough_v_long_square,0.18810840160860165,4.495946944441158,0.45801670580326914,5,pls_all,2924,730,1302,749,187
fast_trough_v_long_square,0.26625621057008253,4.583725671468046,0.5439574433876537,5,pls_all,2924,730,1302,749,187
threshold_v_long_square,0.1315603971157966,4.337618856030428,0.4084458219169332,5,pls_all,2924,730,1302,749,187
threshold_i_long_square,0.6474317573450774,40.080938734640235,0.7924512651644781,5,pls_all,2924,730,1302,749,187
threshold_v_short_square,0.08445935209637934,4.9697272731205775,0.3444754411000671,5,pls_all,2924,730,1302,749,187
threshold_i_short_square,0.10608218962263549,141.14041133817818,0.5237383804525153,5,pls_all,2924,730,1302,749,187
threshold_v_ramp,0.039083793042076986,5.644254443469652,0.30341828689556877,5,pls_all,2924,730,1302,749,187
threshold_i_ramp,0.4749947581309131,56.87432476940088,0.7171784489944634,5,pls_all,2924,730,1302,749,187
vrest,0.10940238175464423,4.676625912128039,0.3400474381187193,5,extra_trees_var400,2924,730,400,749,187
ri,0.5575931705646359,43.307810617576244,0.8018090709345815,5,extra_trees_var400,2924,730,400,749,187
sag,0.17825316311891648,0.04217561906057719,0.5672174019868115,5,extra_trees_var400,2924,730,400,749,187
tau,0.43235659223715184,4.124547395806327,0.8617037482776748,5,extra_trees_var400,2924,730,400,749,187
f_i_curve_slope,0.5785950970662035,0.14070646710769255,0.6833995413661926,5,extra_trees_var400,2924,730,400,749,187
adaptation,0.21563766541711038,0.06225918688283582,0.7116280303648995,5,extra_trees_var400,2924,730,400,749,187
latency,0.13305711332834724,0.011756512033956662,0.5984100500949647,5,extra_trees_var400,2924,730,400,749,187
avg_isi,0.2780708797545397,21.423298107062042,0.6531404148197227,5,extra_trees_var400,2924,730,400,749,187
upstroke_downstroke_ratio_long_square,0.762628743102508,0.30924892965983664,0.9004181084765426,5,extra_trees_var400,2924,730,400,749,187
peak_v_long_square,0.1517860697240736,7.742649218924976,0.4311975817881974,5,extra_trees_var400,2924,730,400,749,187
trough_v_long_square,0.19813471889879297,4.4781878982406775,0.47199908242325705,5,extra_trees_var400,2924,730,400,749,187
fast_trough_v_long_square,0.26929531807681195,4.5818871233486975,0.5492124570480862,5,extra_trees_var400,2924,730,400,749,187
threshold_v_long_square,0.14660110685069683,4.373247761366195,0.4218719304760633,5,extra_trees_var400,2924,730,400,749,187
threshold_i_long_square,0.6886410141983494,35.89242902279626,0.8139929341448301,5,extra_trees_var400,2924,730,400,749,187
threshold_v_short_square,0.07883451488298865,4.949154826050337,0.33868238101635756,5,extra_trees_var400,2924,730,400,749,187
threshold_i_short_square,0.34674864134150785,116.87889931038178,0.6254850022586952,5,extra_trees_var400,2924,730,400,749,187
threshold_v_ramp,0.07936855422513023,5.543852304125121,0.3486094564134382,5,extra_trees_var400,2924,730,400,749,187
threshold_i_ramp,0.5598249887044382,51.59106487093361,0.7581615733770996,5,extra_trees_var400,2924,730,400,749,187
vrest,0.0020404186731898255,5.017303235023297,0.27209539076604683,5,ridge_cbe_top500,2924,730,500,749,187
ri,0.5066097996447602,45.3781779572902,0.7699162699512395,5,ridge_cbe_top500,2924,730,500,749,187
sag,0.18892542768453757,0.04346098955471652,0.5278016418182201,5,ridge_cbe_top500,2924,730,500,749,187
tau,0.4443374408308818,4.192392553378145,0.8457172086915542,5,ridge_cbe_top500,2924,730,500,749,187
f_i_curve_slope,0.5635564594730462,0.14873752366825466,0.6391294872419742,5,ridge_cbe_top500,2924,730,500,749,187
adaptation,0.16220882948486226,0.07235860646207744,0.5900890314947496,5,ridge_cbe_top500,2924,730,500,749,187
latency,-0.15421025654527343,0.01538075385798367,0.42340426434363476,5,ridge_cbe_top500,2924,730,500,749,187
avg_isi,0.21639032373660483,24.20305780608973,0.6096048934632339,5,ridge_cbe_top500,2924,730,500,749,187
upstroke_downstroke_ratio_long_square,0.7723188519121926,0.30019389908733846,0.9008971012960462,5,ridge_cbe_top500,2924,730,500,749,187
peak_v_long_square,0.055663132736964216,8.149993814796904,0.3784679765746897,5,ridge_cbe_top500,2924,730,500,749,187
trough_v_long_square,0.1441752903015724,4.7219310973794055,0.45303835840481144,5,ridge_cbe_top500,2924,730,500,749,187
fast_trough_v_long_square,0.2425367821196186,4.759263292899544,0.548045851850625,5,ridge_cbe_top500,2924,730,500,749,187
threshold_v_long_square,0.040488570269237134,4.618300538637608,0.3909848862177442,5,ridge_cbe_top500,2924,730,500,749,187
threshold_i_long_square,0.6851913253881148,37.326710345505816,0.7984398820152865,5,ridge_cbe_top500,2924,730,500,749,187
threshold_v_short_square,0.012263839645177632,5.3633292901618725,0.31288929841430263,5,ridge_cbe_top500,2924,730,500,749,187
threshold_i_short_square,0.27138589518819467,124.7350947878365,0.5741216120209262,5,ridge_cbe_top500,2924,730,500,749,187
threshold_v_ramp,-0.02770504605057944,5.912267398668868,0.2829330565345696,5,ridge_cbe_top500,2924,730,500,749,187
threshold_i_ramp,0.5221870501248362,53.78726672603391,0.7306696054854197,5,ridge_cbe_top500,2924,730,500,749,187
