model,trait,mean_r2,sd_r2,mean_mae,mean_spearman,folds,n_genes
extra_trees_var400,adaptation,0.20423126257512836,0.017353645580524532,0.06459853093777439,0.6924808404205953,5,400
extra_trees_var400,avg_isi,0.2877120579184528,0.03699383610760132,21.76009417185744,0.6745729122997435,5,400
extra_trees_var400,f_i_curve_slope,0.5519343288141481,0.034639472726792735,0.13926282535688495,0.6489365013343502,5,400
extra_trees_var400,fast_trough_v_long_square,0.3320272539923642,0.036125425742910985,4.419167073269091,0.6158554300545918,5,400
extra_trees_var400,latency,0.18766954316675644,0.09997567765661954,0.011493594350982449,0.6257171665229933,5,400
extra_trees_var400,peak_v_long_square,0.1518877161430469,0.015212152720380137,7.766970273489084,0.43147064929784956,5,400
extra_trees_var400,ri,0.558424966682608,0.013660477019035068,43.112110862902895,0.7954161509515275,5,400
extra_trees_var400,sag,0.2123478188261796,0.05561238562823038,0.040388196894330555,0.5635310495149095,5,400
extra_trees_var400,tau,0.6050992535343502,0.09704242831930182,3.7875752628174695,0.8650465570501717,5,400
extra_trees_var400,threshold_i_long_square,0.6787034254081101,0.017523160871005007,35.83153912395657,0.8022837661650117,5,400
extra_trees_var400,threshold_i_ramp,0.5588150407692934,0.02577171940865323,50.67748815200854,0.7525283986365452,5,400
extra_trees_var400,threshold_i_short_square,0.3760703768409575,0.02664851007550272,113.74902680106379,0.6444574591516921,5,400
extra_trees_var400,threshold_v_long_square,0.1384108275594298,0.01311954841998396,4.454068067141398,0.42557380057163263,5,400
extra_trees_var400,threshold_v_ramp,0.08395803034394107,0.015315221652401121,5.6332044219488,0.34361481239662134,5,400
extra_trees_var400,threshold_v_short_square,0.10280352601156488,0.02065246114315381,4.963965852798365,0.37509583634577426,5,400
extra_trees_var400,trough_v_long_square,0.24930852561154113,0.02941823616700826,4.372259600959649,0.5346584479719706,5,400
extra_trees_var400,upstroke_downstroke_ratio_long_square,0.7503234149643927,0.02301849378538446,0.32276866150219785,0.9057785358665139,5,400
extra_trees_var400,vrest,0.10995106495210558,0.023866601210373598,4.696521932798438,0.32467561872766154,5,400
pls_all,adaptation,0.1702945501603908,0.027836784800095913,0.06850837513484385,0.6342623528443118,5,1302
pls_all,avg_isi,0.2848487910083003,0.031886804963520046,22.4025398328756,0.6522422802002954,5,1302
pls_all,f_i_curve_slope,0.5096475739596877,0.05076139580015746,0.1477164253966084,0.5582856276577457,5,1302
pls_all,fast_trough_v_long_square,0.3246568634928676,0.03871587535658775,4.474311981496842,0.6010029725407954,5,1302
pls_all,latency,0.14560472610117697,0.07721208493929993,0.012173377584451238,0.5789998828474182,5,1302
pls_all,peak_v_long_square,0.1627858241812727,0.013457713785953522,7.706206123878253,0.44266242776797826,5,1302
pls_all,ri,0.5539611175533589,0.03254024815166374,44.66491165633871,0.7752652265705301,5,1302
pls_all,sag,0.17458538024545522,0.04296138594484996,0.04206152953979875,0.47005862445602364,5,1302
pls_all,tau,0.6152400770845265,0.10309184354228852,3.854650480059385,0.8492713516398347,5,1302
pls_all,threshold_i_long_square,0.6205143154130541,0.029263856910572053,40.289115891947155,0.7761534863512979,5,1302
pls_all,threshold_i_ramp,0.4880704946234208,0.032350782176781584,54.91975935392799,0.7146385541908462,5,1302
pls_all,threshold_i_short_square,0.12012038222030005,0.057146610057159125,138.09703947828754,0.5309928123839196,5,1302
pls_all,threshold_v_long_square,0.133661524154778,0.022513758815244245,4.467061771446578,0.3931034487517861,5,1302
pls_all,threshold_v_ramp,0.06077878657219109,0.024406025139317247,5.731970532120615,0.2996893144370427,5,1302
pls_all,threshold_v_short_square,0.10749184611790194,0.02212815014608659,4.991010166831817,0.36945284429277064,5,1302
pls_all,trough_v_long_square,0.23305048690109081,0.034998454076984736,4.452781717574625,0.5099006939408228,5,1302
pls_all,upstroke_downstroke_ratio_long_square,0.7614972615505161,0.018564118202270247,0.3184503696844214,0.8987401761868321,5,1302
pls_all,vrest,0.07614335765376241,0.03473477396869375,4.774751141826365,0.2916631106035914,5,1302
ridge_all,adaptation,-0.2754687065741487,0.08457073323215016,0.09786566976262233,0.39445713381635983,5,1302
ridge_all,avg_isi,-0.019288355268724123,0.05465568688775979,30.598049041012125,0.504870107613226,5,1302
ridge_all,f_i_curve_slope,0.3180557106305143,0.06999441989488583,0.18236390550076767,0.5301316868404715,5,1302
ridge_all,fast_trough_v_long_square,0.01866170015403945,0.06306684905492305,5.530772830236702,0.4823642243867357,5,1302
ridge_all,latency,-0.5312968383153491,0.3869577385673024,0.020455023148925264,0.3413738251494095,5,1302
ridge_all,peak_v_long_square,-0.25751926047045026,0.07609378315695377,9.577078974814341,0.283489266682653,5,1302
ridge_all,ri,0.4481118462602991,0.044701397058568536,50.41608781739008,0.7254470375669747,5,1302
ridge_all,sag,-0.09078947737179519,0.13745285504731292,0.05094714909438815,0.4505899304400412,5,1302
ridge_all,tau,0.4686132693886746,0.05975937603298807,4.852417449218241,0.755164178743627,5,1302
ridge_all,threshold_i_long_square,0.5571010618419823,0.030042949465550563,43.872604332098916,0.7353526071920895,5,1302
ridge_all,threshold_i_ramp,0.3545439276288498,0.053932683702098375,61.813316057726354,0.6587348845894757,5,1302
ridge_all,threshold_i_short_square,0.07846681910222716,0.08091548895584456,141.23613933244206,0.5190378140348687,5,1302
ridge_all,threshold_v_long_square,-0.2709248035441944,0.0851225032935951,5.546443010926955,0.2898355184712454,5,1302
ridge_all,threshold_v_ramp,-0.3975973533481332,0.08203419109688397,7.159748047613348,0.18551060983140327,5,1302
ridge_all,threshold_v_short_square,-0.3013536299947726,0.09376861150228345,6.349121081034687,0.25647676426855354,5,1302
ridge_all,trough_v_long_square,-0.12094085091864266,0.0883931843596156,5.544456481074233,0.38414486070688947,5,1302
ridge_all,upstroke_downstroke_ratio_long_square,0.7067485541579767,0.029042342315223645,0.3582336548110576,0.878818473657948,5,1302
ridge_all,vrest,-0.3868511557224366,0.07692531358972489,5.915941020329545,0.18326471092217755,5,1302
