mouse_gene,gene,entrez_id
Aak1,AAK1,22848.0
Abat,ABAT,18.0
Abcc8,ABCC8,6833.0
Abi1,ABI1,10006.0
Abi2,ABI2,10152.0
Ablim2,ABLIM2,84448.0
Abr,ABR,29.0
Acsl3,ACSL3,2181.0
Actb,ACTB,60.0
Actg1,ACTG1,71.0
Actn1,ACTN1,87.0
Actr2,ACTR2,10097.0
Adam22,ADAM22,53616.0
Adam23,ADAM23,8745.0
Adamts17,ADAMTS17,170691.0
Adamts19,ADAMTS19,171019.0
Adamtsl3,ADAMTSL3,57188.0
Adarb2,ADARB2,105.0
Adcy1,ADCY1,107.0
Adcy2,ADCY2,108.0
Adcy8,ADCY8,114.0
Add2,ADD2,119.0
Adk,ADK,132.0
Adra1a,ADRA1A,148.0
Adrbk2,,
Aebp2,AEBP2,121536.0
Aes,,
Aff3,AFF3,3899.0
Agbl4,AGBL4,84871.0
Ahi1,AHI1,54806.0
Aig1,AIG1,51390.0
Ak5,AK5,26289.0
Akap11,AKAP11,11215.0
Alcam,ALCAM,214.0
Aldoa,ALDOA,226.0
Alk,ALK,238.0
Ammecr1,AMMECR1,9949.0
Amph,AMPH,273.0
Ank1,ANK1,286.0
Ankrd12,ANKRD12,23253.0
Ankrd26,ANKRD26,22852.0
Ankrd36,ANKRD36,375248.0
Ankrd55,ANKRD55,79722.0
Anks1b,ANKS1B,56899.0
Ano3,ANO3,63982.0
Ano4,ANO4,121601.0
Ano5,ANO5,203859.0
Ap1s2,AP1S2,8905.0
Apba1,APBA1,320.0
Apba2,APBA2,321.0
Apbb1,APBB1,322.0
Aplp1,APLP1,333.0
Aplp2,APLP2,334.0
App,APP,351.0
Arap2,ARAP2,116984.0
Arf1,ARF1,375.0
Arhgap20,ARHGAP20,57569.0
Arhgap21,ARHGAP21,57584.0
Arhgap26,ARHGAP26,23092.0
Arhgap32,ARHGAP32,9743.0
Arhgap44,ARHGAP44,9912.0
Arhgap5,ARHGAP5,394.0
Arhgef3,ARHGEF3,50650.0
Arhgef7,ARHGEF7,8874.0
Arid5b,ARID5B,84159.0
Arl15,ARL15,54622.0
Arl4c,ARL4C,10123.0
Arnt2,ARNT2,9915.0
Arntl2,,
Arpp19,ARPP19,10776.0
Arpp21,ARPP21,10777.0
Asap1,ASAP1,50807.0
Asic2,ASIC2,40.0
Astn1,ASTN1,460.0
Astn2,ASTN2,23245.0
Atcay,ATCAY,85300.0
Atg7,ATG7,10533.0
Atl1,ATL1,51062.0
Atp1a1,ATP1A1,476.0
Atp1a3,ATP1A3,478.0
Atp1b1,ATP1B1,481.0
Atp2a2,ATP2A2,488.0
Atp2b1,ATP2B1,490.0
Atp2b2,ATP2B2,491.0
Atp2c1,ATP2C1,27032.0
Atp5a1,,
Atp5b,,
Atp5e,,
Atp6ap1,ATP6AP1,537.0
Atp6ap2,ATP6AP2,10159.0
Atp6v0a1,ATP6V0A1,535.0
Atp6v0b,ATP6V0B,533.0
Atp6v0e2,ATP6V0E2,155066.0
Atp6v1a,ATP6V1A,523.0
Atp6v1b2,ATP6V1B2,526.0
Atp6v1e1,ATP6V1E1,529.0
Atp8a2,ATP8A2,51761.0
Atp8b1,ATP8B1,5205.0
Atp9a,ATP9A,10079.0
Atpif1,,
Atrnl1,ATRNL1,26033.0
Atxn1,ATXN1,6310.0
Auts2,AUTS2,26053.0
B4galt6,B4GALT6,9331.0
Baalc,BAALC,79870.0
Bach1,BACH1,571.0
Bach2,BACH2,60468.0
Bad,BAD,572.0
Baiap2,BAIAP2,10458.0
Basp1,BASP1,10409.0
Bcl11a,BCL11A,53335.0
Bcl11b,BCL11B,64919.0
Bdp1,BDP1,55814.0
Bend6,BEND6,221336.0
Bex1,BEX1,55859.0
Bex2,BEX2,84707.0
Bex4,BEX4,56271.0
Bicc1,BICC1,80114.0
Bicd1,BICD1,636.0
Blcap,BLCAP,10904.0
Bmper,BMPER,168667.0
Bnip3,BNIP3,664.0
Braf,BRAF,673.0
Brinp1,BRINP1,1620.0
Brinp2,BRINP2,57795.0
Brinp3,BRINP3,339479.0
Brk1,BRK1,55845.0
Bsg,BSG,682.0
Bsn,BSN,8927.0
Btbd11,,
Btbd9,BTBD9,114781.0
Cabp1,CABP1,9478.0
Cacna1a,CACNA1A,773.0
Cacna1b,CACNA1B,774.0
Cacna1c,CACNA1C,775.0
Cacna1d,CACNA1D,776.0
Cacna1e,CACNA1E,777.0
Cacna2d1,CACNA2D1,781.0
Cacna2d3,CACNA2D3,55799.0
Cacnb2,CACNB2,783.0
Cacnb4,CACNB4,785.0
Cacng2,CACNG2,10369.0
Cacng3,CACNG3,10368.0
Cacng8,CACNG8,59283.0
Cadm2,CADM2,253559.0
Cadm3,CADM3,57863.0
Cadps,CADPS,8618.0
Cadps2,CADPS2,93664.0
Calb1,CALB1,793.0
Calb2,CALB2,794.0
Calm1,CALM1,801.0
Calm3,CALM3,808.0
Caln1,CALN1,83698.0
Camk1d,CAMK1D,57118.0
Camk2a,CAMK2A,815.0
Camk2b,CAMK2B,816.0
Camk2d,CAMK2D,817.0
Camk2g,CAMK2G,818.0
Camk2n1,CAMK2N1,55450.0
Camkk1,CAMKK1,84254.0
Camkk2,CAMKK2,10645.0
Camkv,CAMKV,79012.0
Camta1,CAMTA1,23261.0
Canx,CANX,821.0
Cap2,CAP2,10486.0
Cbln2,CBLN2,147381.0
Cbln4,CBLN4,140689.0
Ccdc136,CCDC136,64753.0
Ccdc3,CCDC3,83643.0
Ccdc30,CCDC30,728621.0
Ccdc85b,CCDC85B,11007.0
Ccdc91,CCDC91,55297.0
Cck,CCK,885.0
Ccni,CCNI,10983.0
Ccser1,CCSER1,401145.0
Cdc14b,CDC14B,8555.0
Cdc5l,CDC5L,988.0
Cdh10,CDH10,1008.0
Cdh12,CDH12,1010.0
Cdh13,CDH13,1012.0
Cdh2,CDH2,1000.0
Cdh22,CDH22,64405.0
Cdh4,CDH4,1002.0
Cdh8,CDH8,1006.0
Cdh9,CDH9,1007.0
Cdhr3,CDHR3,222256.0
Cdk14,CDK14,5218.0
Cdk5r1,CDK5R1,8851.0
Cdkl5,CDKL5,6792.0
Cdr2,CDR2,1039.0
Celf2,CELF2,10659.0
Celf4,CELF4,56853.0
Celf5,CELF5,60680.0
Cemip,CEMIP,57214.0
Cend1,CEND1,51286.0
Cep112,CEP112,201134.0
Cers6,CERS6,253782.0
Cfl1,CFL1,1072.0
Chchd10,CHCHD10,400916.0
Chd5,CHD5,26038.0
Chga,CHGA,1113.0
Chgb,CHGB,1114.0
Chl1,CHL1,10752.0
Chn1,CHN1,1123.0
Chrm2,CHRM2,1129.0
Chrm3,CHRM3,1131.0
Chrna7,CHRNA7,1139.0
Chst11,CHST11,50515.0
Chsy3,CHSY3,337876.0
Cit,CIT,11113.0
Ckb,CKB,1152.0
Clec16a,CLEC16A,23274.0
Clip4,CLIP4,79745.0
Clstn1,CLSTN1,22883.0
Clstn2,CLSTN2,64084.0
Cltc,CLTC,1213.0
Clu,CLU,1191.0
Clvs1,CLVS1,157807.0
Clvs2,CLVS2,134829.0
Cnksr2,CNKSR2,22866.0
Cnr1,CNR1,1268.0
Cnrip1,CNRIP1,25927.0
Cntn3,CNTN3,5067.0
Cntn4,CNTN4,152330.0
Cntn5,CNTN5,53942.0
Cntn6,CNTN6,27255.0
Cntnap2,CNTNAP2,26047.0
Cntnap4,CNTNAP4,85445.0
Cog5,COG5,10466.0
Col11a1,COL11A1,1301.0
Col16a1,COL16A1,1307.0
Col19a1,COL19A1,1310.0
Col24a1,COL24A1,255631.0
Col25a1,COL25A1,84570.0
Col5a2,COL5A2,1290.0
Coro6,CORO6,84940.0
Cox4i1,COX4I1,1327.0
Cox5b,COX5B,1329.0
Cox6c,COX6C,1345.0
Cox7c,COX7C,1350.0
Cpe,CPE,1363.0
Cplx1,CPLX1,10815.0
Cplx2,CPLX2,10814.0
Cpne4,CPNE4,131034.0
Cpne5,CPNE5,57699.0
Creg2,CREG2,200407.0
Crh,CRH,1392.0
Crym,CRYM,1428.0
Csgalnact1,CSGALNACT1,55790.0
Csmd1,CSMD1,64478.0
Csmd2,CSMD2,114784.0
Csmd3,CSMD3,114788.0
Csrnp3,CSRNP3,80034.0
Ctdspl,CTDSPL,10217.0
Ctnna2,CTNNA2,1496.0
Ctnnal1,CTNNAL1,8727.0
Ctnnb1,CTNNB1,1499.0
Ctsb,CTSB,1508.0
Cttnbp2,CTTNBP2,83992.0
Ctxn1,CTXN1,404217.0
Cux1,CUX1,1523.0
Cux2,CUX2,23316.0
Cxcl14,CXCL14,9547.0
Cycs,CYCS,54205.0
Cyfip2,CYFIP2,26999.0
Cyp46a1,CYP46A1,10858.0
Cyth1,CYTH1,9267.0
Daam1,DAAM1,23002.0
Dab1,DAB1,1600.0
Dach1,DACH1,1602.0
Dapk1,DAPK1,1612.0
Dcaf6,DCAF6,55827.0
Dcc,DCC,1630.0
Dclk1,DCLK1,9201.0
Dclk2,DCLK2,166614.0
Ddx24,DDX24,57062.0
Dennd5b,DENND5B,160518.0
Dgkb,DGKB,1607.0
Dgkd,DGKD,8527.0
Dgkg,DGKG,1608.0
Dgkh,DGKH,160851.0
Dgki,DGKI,9162.0
Dgkz,DGKZ,8525.0
Dhcr24,DHCR24,1718.0
Dip2a,DIP2A,23181.0
Diras1,DIRAS1,148252.0
Diras2,DIRAS2,54769.0
Dkk3,DKK3,27122.0
Dlc1,DLC1,10395.0
Dlg2,DLG2,1740.0
Dlgap1,DLGAP1,9229.0
Dlgap2,DLGAP2,9228.0
Dlgap4,DLGAP4,22839.0
Dlx1,DLX1,1745.0
Dmd,DMD,1756.0
Dmtn,DMTN,2039.0
Dnah6,DNAH6,1768.0
Dnaja1,DNAJA1,3301.0
Dner,DNER,92737.0
Dnm1,DNM1,1759.0
Dock10,DOCK10,55619.0
Dock3,DOCK3,1795.0
Dock4,DOCK4,9732.0
Dock9,DOCK9,23348.0
Dok5,DOK5,55816.0
Dok6,DOK6,220164.0
Dopey1,,
Dpp10,DPP10,57628.0
Dpp6,DPP6,1804.0
Dpy19l1,DPY19L1,23333.0
Dpysl2,DPYSL2,1808.0
Dscam,DSCAM,1826.0
Dscaml1,DSCAML1,57453.0
Dse,DSE,29940.0
Dstn,DSTN,11034.0
Dync1h1,DYNC1H1,1778.0
Dync1i1,DYNC1I1,1780.0
Dync2h1,DYNC2H1,79659.0
Dynll1,DYNLL1,8655.0
Dynll2,DYNLL2,140735.0
Dynlt3,DYNLT3,6990.0
Dzip3,DZIP3,9666.0
Edil3,EDIL3,10085.0
Eepd1,EEPD1,80820.0
Efna5,EFNA5,1946.0
Efr3a,EFR3A,23167.0
Efr3b,EFR3B,22979.0
Egfr,EGFR,1956.0
Eid1,EID1,23741.0
Eif1,EIF1,10209.0
Eif4a2,EIF4A2,1974.0
Eif4g2,EIF4G2,1982.0
Elavl2,ELAVL2,1993.0
Elavl4,ELAVL4,1996.0
Elmod1,ELMOD1,55531.0
Eml6,EML6,400954.0
Enc1,ENC1,8507.0
Eno1,ENO1,2023.0
Eno2,ENO2,2026.0
Enox1,ENOX1,55068.0
Ensa,ENSA,2029.0
Entpd3,ENTPD3,956.0
Epha3,EPHA3,2042.0
Epha4,EPHA4,2043.0
Epha5,EPHA5,2044.0
Epha6,EPHA6,285220.0
Ephb6,EPHB6,2051.0
Erbb4,ERBB4,2066.0
Erc2,ERC2,26059.0
Esrrg,ESRRG,2104.0
Etv6,ETV6,2120.0
Evl,EVL,51466.0
Exoc4,EXOC4,60412.0
Exoc6,EXOC6,54536.0
Ext1,EXT1,2131.0
Eya4,EYA4,2070.0
Faim2,FAIM2,23017.0
Fam110b,FAM110B,90362.0
Fam134b,,
Fam135b,FAM135B,51059.0
Fam155a,,
Fam168a,FAM168A,23201.0
Fam189a1,,
Fam19a1,,
Fam19a2,,
Fam19a5,,
Fam49a,,
Far2,FAR2,55711.0
Farp1,FARP1,10160.0
Fat1,FAT1,2195.0
Fat3,FAT3,120114.0
Fbxl2,FBXL2,25827.0
Fbxl7,FBXL7,23194.0
Fbxw7,FBXW7,55294.0
Fez1,FEZ1,9638.0
Fgf12,FGF12,2257.0
Fgf13,FGF13,2258.0
Fgf14,FGF14,2259.0
Fgfr1,FGFR1,2260.0
Fhl1,FHL1,2273.0
Fhod3,FHOD3,80206.0
Fkbp1b,FKBP1B,2281.0
Fkbp8,FKBP8,23770.0
Flrt2,FLRT2,23768.0
Fmn1,FMN1,342184.0
Fmn2,FMN2,56776.0
Fndc3a,FNDC3A,22862.0
Focad,FOCAD,54914.0
Foxg1,FOXG1,2290.0
Foxp1,FOXP1,27086.0
Foxp2,FOXP2,93986.0
Fras1,FRAS1,80144.0
Frem1,FREM1,158326.0
Frmd4a,FRMD4A,55691.0
Frmpd4,FRMPD4,9758.0
Frrs1l,FRRS1L,23732.0
Fry,FRY,10129.0
Fstl4,FSTL4,23105.0
Fstl5,FSTL5,56884.0
Fth1,FTH1,2495.0
Ftx,FTX,100302692.0
Fut9,FUT9,10690.0
Fzd3,FZD3,7976.0
G3bp2,G3BP2,9908.0
Gabarapl1,GABARAPL1,23710.0
Gabarapl2,GABARAPL2,11345.0
Gabbr1,GABBR1,2550.0
Gabbr2,GABBR2,9568.0
Gabra1,GABRA1,2554.0
Gabra2,GABRA2,2555.0
Gabrb1,GABRB1,2560.0
Gabrb2,GABRB2,2561.0
Gabrb3,GABRB3,2562.0
Gabrd,GABRD,2563.0
Gabrg2,GABRG2,2566.0
Gabrg3,GABRG3,2567.0
Gad1,GAD1,2571.0
Gad2,GAD2,2572.0
Galnt13,GALNT13,114805.0
Galnt14,GALNT14,79623.0
Galnt18,GALNT18,374378.0
Galntl6,GALNTL6,442117.0
Gap43,GAP43,2596.0
Gapdh,GAPDH,2597.0
Garnl3,GARNL3,84253.0
Gas7,GAS7,8522.0
Gcc2,GCC2,9648.0
Gda,GDA,9615.0
Gdap1,GDAP1,54332.0
Gdi1,GDI1,2664.0
Gfod1,GFOD1,54438.0
Ghitm,GHITM,27069.0
Ghr,GHR,2690.0
Git2,GIT2,9815.0
Glcci1,GLCCI1,113263.0
Glg1,GLG1,2734.0
Gls,GLS,2744.0
Gnal,GNAL,2774.0
Gnao1,GNAO1,2775.0
Gnas,GNAS,2778.0
Gnb1,GNB1,2782.0
Gnb5,GNB5,10681.0
Gng2,GNG2,54331.0
Gng3,GNG3,2785.0
Gng4,GNG4,2786.0
Gng7,GNG7,2788.0
Gnptab,GNPTAB,79158.0
Golim4,GOLIM4,27333.0
Got1,GOT1,2805.0
Gpc1,GPC1,2817.0
Gpc6,GPC6,10082.0
Gphn,GPHN,10243.0
Gpr137c,GPR137C,283554.0
Gpr155,GPR155,151556.0
Gpr158,GPR158,57512.0
Gpx3,GPX3,2878.0
Gpx4,GPX4,2879.0
Gria1,GRIA1,2890.0
Gria2,GRIA2,2891.0
Gria3,GRIA3,2892.0
Gria4,GRIA4,2893.0
Grid1,GRID1,2894.0
Grid2,GRID2,2895.0
Grik1,GRIK1,2897.0
Grik2,GRIK2,2898.0
Grik3,GRIK3,2899.0
Grin1,GRIN1,2902.0
Grin2a,GRIN2A,2903.0
Grin2b,GRIN2B,2904.0
Grin3a,GRIN3A,116443.0
Grip1,GRIP1,23426.0
Grm3,GRM3,2913.0
Grm5,GRM5,2915.0
Grm7,GRM7,2917.0
Grm8,GRM8,2918.0
Gsg1l,GSG1L,146395.0
Gucy1a2,GUCY1A2,2977.0
Gucy1b3,,
Guk1,GUK1,2987.0
Gulp1,GULP1,51454.0
Hcn1,HCN1,348980.0
Hdac9,HDAC9,9734.0
Hectd2,HECTD2,143279.0
Hecw1,HECW1,23072.0
Hecw2,HECW2,57520.0
Herc1,HERC1,8925.0
Hint1,HINT1,3094.0
Hivep2,HIVEP2,3097.0
Hivep3,HIVEP3,59269.0
Hmbox1,HMBOX1,79618.0
Hnrnpa2b1,HNRNPA2B1,3181.0
Hnrnpdl,HNRNPDL,9987.0
Homer1,HOMER1,9456.0
Hopx,HOPX,84525.0
Hpcal1,HPCAL1,3241.0
Hpse2,HPSE2,60495.0
Hs3st2,HS3ST2,9956.0
Hs3st4,HS3ST4,9951.0
Hs3st5,HS3ST5,222537.0
Hs6st3,HS6ST3,266722.0
Hsd17b12,HSD17B12,51144.0
Hsp90aa1,HSP90AA1,3320.0
Hsp90ab1,HSP90AB1,3326.0
Hsp90b1,HSP90B1,7184.0
Hspa12a,HSPA12A,259217.0
Hspa8,HSPA8,3312.0
Hsph1,HSPH1,10808.0
Htr2c,HTR2C,3358.0
Ica1l,ICA1L,130026.0
Ids,IDS,3423.0
Igf1,IGF1,3479.0
Igsf11,IGSF11,152404.0
Il1rapl1,IL1RAPL1,11141.0
Il1rapl2,IL1RAPL2,26280.0
Inpp4a,INPP4A,3631.0
Inpp4b,INPP4B,8821.0
Inpp5f,INPP5F,22876.0
Ipcef1,IPCEF1,26034.0
Iqsec1,IQSEC1,9922.0
Iscu,ISCU,23479.0
Itfg1,ITFG1,81533.0
Itga8,ITGA8,8516.0
Itgb8,ITGB8,3696.0
Itm2b,ITM2B,9445.0
Itm2c,ITM2C,81618.0
Itpk1,ITPK1,3705.0
Itpr1,ITPR1,3708.0
Itsn1,ITSN1,6453.0
Kalrn,KALRN,8997.0
Kazn,KAZN,23254.0
Kcnab1,KCNAB1,7881.0
Kcnab2,KCNAB2,8514.0
Kcnb1,KCNB1,3745.0
Kcnb2,KCNB2,9312.0
Kcnc1,KCNC1,3746.0
Kcnc2,KCNC2,3747.0
Kcnd3,KCND3,3752.0
Kcnh1,KCNH1,3756.0
Kcnh3,KCNH3,23416.0
Kcnh5,KCNH5,27133.0
Kcnh7,KCNH7,90134.0
Kcnip1,KCNIP1,30820.0
Kcnip4,KCNIP4,80333.0
Kcnj3,KCNJ3,3760.0
Kcnj6,KCNJ6,3763.0
Kcnma1,KCNMA1,3778.0
Kcnmb4,KCNMB4,27345.0
Kcnq1ot1,KCNQ1OT1,10984.0
Kcnq2,KCNQ2,3785.0
Kcnq3,KCNQ3,3786.0
Kcnq5,KCNQ5,56479.0
Kcnt1,KCNT1,57582.0
Kcnt2,KCNT2,343450.0
Kctd1,KCTD1,284252.0
Kctd16,KCTD16,57528.0
Kctd8,KCTD8,386617.0
Khdrbs2,KHDRBS2,202559.0
Khdrbs3,KHDRBS3,10656.0
Kidins220,KIDINS220,57498.0
Kif1a,KIF1A,547.0
Kif21a,KIF21A,55605.0
Kif26b,KIF26B,55083.0
Kif3a,KIF3A,11127.0
Kif3c,KIF3C,3797.0
Kif5a,KIF5A,3798.0
Kif5c,KIF5C,3800.0
Kifap3,KIFAP3,22920.0
Kifc2,KIFC2,90990.0
Kirrel3,KIRREL3,84623.0
Kit,KIT,3815.0
Klc1,KLC1,3831.0
Klf12,KLF12,11278.0
Klhdc3,KLHDC3,116138.0
Klhl5,KLHL5,51088.0
Ksr2,KSR2,283455.0
L3mbtl4,L3MBTL4,91133.0
Lama2,LAMA2,3908.0
Lama4,LAMA4,3910.0
Lamp5,LAMP5,24141.0
Lancl1,LANCL1,10314.0
Large,,
Larp1,LARP1,23367.0
Larp1b,LARP1B,55132.0
Lcorl,LCORL,254251.0
Ldb2,LDB2,9079.0
Ldha,LDHA,3939.0
Ldhb,LDHB,3945.0
Lhfpl3,LHFPL3,375612.0
Limch1,LIMCH1,22998.0
Lin7a,LIN7A,8825.0
Lingo1,LINGO1,84894.0
Lingo2,LINGO2,158038.0
Lmo3,LMO3,55885.0
Lmo4,LMO4,8543.0
Lmo7,LMO7,4008.0
Lonrf2,LONRF2,164832.0
Lpcat4,LPCAT4,254531.0
Lrfn2,LRFN2,57497.0
Lrfn5,LRFN5,145581.0
Lrp1b,LRP1B,53353.0
Lrp8,LRP8,7804.0
Lrrc4c,LRRC4C,57689.0
Lrrc7,LRRC7,57554.0
Lrrc8b,LRRC8B,23507.0
Lrrfip1,LRRFIP1,9208.0
Lrrfip2,LRRFIP2,9209.0
Lrrn2,LRRN2,10446.0
Lrrn3,LRRN3,54674.0
Lrrtm3,LRRTM3,347731.0
Lrrtm4,LRRTM4,80059.0
Lsamp,LSAMP,4045.0
Luzp1,LUZP1,7798.0
Luzp2,LUZP2,338645.0
Ly6e,LY6E,4061.0
Macrod2,MACROD2,140733.0
Maf,MAF,4094.0
Mafb,MAFB,9935.0
Maged1,MAGED1,9500.0
Magi1,MAGI1,9223.0
Magi2,MAGI2,9863.0
Magi3,MAGI3,260425.0
Maml3,MAML3,55534.0
Man1a2,MAN1A2,10905.0
Map1a,MAP1A,4130.0
Map1b,MAP1B,4131.0
Map1lc3a,MAP1LC3A,84557.0
Map2,MAP2,4133.0
Map2k1,MAP2K1,5604.0
Map3k5,MAP3K5,4217.0
Map7d2,MAP7D2,256714.0
Map9,MAP9,79884.0
Mapk1,MAPK1,5594.0
Mapk10,MAPK10,5602.0
Mapk4,MAPK4,5596.0
Mapre2,MAPRE2,10982.0
Mark1,MARK1,4139.0
Mast3,MAST3,23031.0
Mast4,MAST4,375449.0
Mboat2,MBOAT2,129642.0
Mcc,MCC,4163.0
Mctp1,MCTP1,79772.0
Mctp2,MCTP2,55784.0
Mdga2,MDGA2,161357.0
Mdh1,MDH1,4190.0
Med12l,MED12L,116931.0
Mef2a,MEF2A,4205.0
Mef2c,MEF2C,4208.0
Meg3,MEG3,55384.0
Meis2,MEIS2,4212.0
Mfsd6,MFSD6,54842.0
Mgat4c,MGAT4C,25834.0
Mgat5,MGAT5,4249.0
Mgea5,,
Miat,MIAT,440823.0
Mical2,MICAL2,9645.0
Micu1,MICU1,10367.0
Mir99ahg,MIR99AHG,388815.0
Mkl2,,
Mlip,MLIP,90523.0
Mllt11,MLLT11,10962.0
Mllt3,MLLT3,4300.0
Mllt4,,
Mmp16,MMP16,4325.0
Mnat1,MNAT1,4331.0
Moap1,MOAP1,64112.0
Morf4l1,MORF4L1,10933.0
Morf4l2,MORF4L2,9643.0
Mpdz,MPDZ,8777.0
Mpp6,,
Mpped1,MPPED1,758.0
Mt3,MT3,4504.0
Mtch1,MTCH1,23787.0
Mtss1,MTSS1,9788.0
Mturn,MTURN,222166.0
Mtus1,MTUS1,57509.0
Mtus2,MTUS2,23281.0
Myh10,MYH10,4628.0
Myo16,MYO16,23026.0
Myo5a,MYO5A,4644.0
Myrip,MYRIP,25924.0
Myt1l,MYT1L,23040.0
Nalcn,NALCN,259232.0
Nap1l1,NAP1L1,4673.0
Nap1l2,NAP1L2,4674.0
Nap1l3,NAP1L3,4675.0
Napb,NAPB,63908.0
Nat8l,,
Nav2,NAV2,89797.0
Nav3,NAV3,89795.0
Nbea,NBEA,26960.0
Ncald,NCALD,83988.0
Ncam1,NCAM1,4684.0
Ncam2,NCAM2,4685.0
Ncdn,NCDN,23154.0
Nckap1,NCKAP1,10787.0
Ncoa2,NCOA2,10499.0
Ndfip1,NDFIP1,80762.0
Ndfip2,NDFIP2,54602.0
Ndrg4,NDRG4,65009.0
Ndst3,NDST3,9348.0
Ndufa1,NDUFA1,4694.0
Ndufa10,NDUFA10,4705.0
Ndufa4,,
Ndufa5,NDUFA5,4698.0
Ndufb2,NDUFB2,4708.0
Ndufv1,NDUFV1,4723.0
Neat1,NEAT1,283131.0
Nebl,NEBL,10529.0
Necab1,NECAB1,64168.0
Necab2,NECAB2,54550.0
Nedd4l,NEDD4L,23327.0
Nefl,NEFL,4747.0
Nefm,NEFM,4741.0
Negr1,NEGR1,257194.0
Nek10,NEK10,152110.0
Nell1,NELL1,4745.0
Nell2,NELL2,4753.0
Neto1,NETO1,81832.0
Neto2,NETO2,81831.0
Nf1,NF1,4763.0
Nfat5,NFAT5,10725.0
Nfib,NFIB,4781.0
Ngef,NGEF,25791.0
Ngfrap1,,
Nhs,NHS,4810.0
Nin,NIN,51199.0
Nipal2,NIPAL2,79815.0
Nipal3,NIPAL3,57185.0
Nisch,NISCH,11188.0
Nkain2,NKAIN2,154215.0
Nkain3,NKAIN3,286183.0
Nlgn1,NLGN1,22871.0
Nlk,NLK,51701.0
Nmnat2,NMNAT2,23057.0
Nol4,NOL4,8715.0
Npas1,NPAS1,4861.0
Npas2,NPAS2,4862.0
Npas3,NPAS3,64067.0
Nptn,NPTN,27020.0
Nptx1,NPTX1,4884.0
Nptxr,NPTXR,23467.0
Npy,NPY,4852.0
Nr2f2,NR2F2,7026.0
Nr3c2,NR3C2,4306.0
Nr4a2,NR4A2,4929.0
Nrcam,NRCAM,4897.0
Nrg1,NRG1,3084.0
Nrg3,NRG3,10718.0
Nrgn,NRGN,4900.0
Nrip3,NRIP3,56675.0
Nrn1,NRN1,51299.0
Nrxn1,NRXN1,9378.0
Nrxn3,NRXN3,9369.0
Nsf,NSF,4905.0
Ntn4,NTN4,59277.0
Ntng1,NTNG1,22854.0
Ntng2,NTNG2,84628.0
Ntrk2,NTRK2,4915.0
Ntrk3,NTRK3,4916.0
Nuak1,NUAK1,9891.0
Nudt3,NUDT3,11165.0
Nudt4,NUDT4,11163.0
Nwd2,NWD2,57495.0
Nxph1,NXPH1,30010.0
Nxph2,NXPH2,11249.0
Nyap2,NYAP2,57624.0
Ociad1,OCIAD1,54940.0
Odf2l,ODF2L,57489.0
Olfm1,OLFM1,10439.0
Olfm3,OLFM3,118427.0
Opcml,OPCML,4978.0
Optn,OPTN,10133.0
Osbpl1a,OSBPL1A,114876.0
Osbpl3,OSBPL3,26031.0
Osbpl6,OSBPL6,114880.0
Osbpl8,OSBPL8,114882.0
Oxr1,OXR1,55074.0
Pacrg,PACRG,135138.0
Pacsin1,PACSIN1,29993.0
Paip2,PAIP2,51247.0
Pak1,PAK1,5058.0
Pak3,PAK3,5063.0
Pak7,,
Pam,PAM,5066.0
Park2,,
Parm1,PARM1,25849.0
Pcdh10,PCDH10,57575.0
Pcdh11x,PCDH11X,27328.0
Pcdh15,PCDH15,65217.0
Pcdh17,PCDH17,27253.0
Pcdh7,PCDH7,5099.0
Pcdh9,PCDH9,5101.0
Pclo,PCLO,27445.0
Pcmt1,PCMT1,5110.0
Pcp4,PCP4,5121.0
Pcsk1n,PCSK1N,27344.0
Pcsk2,PCSK2,5126.0
Pde10a,PDE10A,10846.0
Pde1a,PDE1A,5136.0
Pde1c,PDE1C,5137.0
Pde2a,PDE2A,5138.0
Pde4b,PDE4B,5142.0
Pde4d,PDE4D,5144.0
Pde7b,PDE7B,27115.0
Pde8b,PDE8B,8622.0
Pdgfd,PDGFD,80310.0
Pdp1,PDP1,54704.0
Pds5b,PDS5B,23047.0
Pdxk,PDXK,8566.0
Pdzd2,PDZD2,23037.0
Pdzrn3,PDZRN3,23024.0
Pdzrn4,PDZRN4,29951.0
Pebp1,PEBP1,5037.0
Penk,PENK,5179.0
Pex5l,PEX5L,51555.0
Pfdn5,PFDN5,5204.0
Pgam1,PGAM1,5223.0
Pgm2l1,PGM2L1,283209.0
Phactr1,PHACTR1,221692.0
Phf14,PHF14,9678.0
Phf20l1,PHF20L1,51105.0
Phtf1,PHTF1,10745.0
Phyhip,PHYHIP,9796.0
Phyhipl,PHYHIPL,84457.0
Pi4ka,PI4KA,5297.0
Pid1,PID1,55022.0
Pik3r1,PIK3R1,5295.0
Pin1,PIN1,5300.0
Pip5k1b,PIP5K1B,8395.0
Pitpnc1,PITPNC1,26207.0
Pja2,PJA2,9867.0
Pkd1,PKD1,5310.0
Pkm,PKM,5315.0
Pknox2,PKNOX2,63876.0
Pkp2,PKP2,5318.0
Plcb1,PLCB1,23236.0
Plcb4,PLCB4,5332.0
Plce1,PLCE1,51196.0
Plch1,PLCH1,23007.0
Plcl2,PLCL2,23228.0
Plcxd3,PLCXD3,345557.0
Pld3,PLD3,23646.0
Pld5,PLD5,200150.0
Plekha1,PLEKHA1,59338.0
Plekha5,PLEKHA5,54477.0
Plekha6,PLEKHA6,22874.0
Plekhb2,PLEKHB2,55041.0
Pls3,PLS3,5358.0
Plxna2,PLXNA2,5362.0
Plxna4,PLXNA4,91584.0
Pnma2,PNMA2,10687.0
Polr2k,POLR2K,5440.0
Postn,POSTN,10631.0
Pou6f2,POU6F2,11281.0
Ppargc1a,PPARGC1A,10891.0
Ppdpf,PPDPF,79144.0
Ppfia2,PPFIA2,8499.0
Ppfibp1,PPFIBP1,8496.0
Ppia,PPIA,5478.0
Ppip5k2,PPIP5K2,23262.0
Ppm1e,PPM1E,22843.0
Ppm1k,PPM1K,152926.0
Ppm1l,PPM1L,151742.0
Ppp2r2c,PPP2R2C,5522.0
Ppp2r5c,PPP2R5C,5527.0
Ppp3ca,PPP3CA,5530.0
Ppp3cb,PPP3CB,5532.0
Prdm2,PRDM2,7799.0
Prelid2,PRELID2,153768.0
Prepl,PREPL,9581.0
Prickle1,PRICKLE1,144165.0
Prickle2,PRICKLE2,166336.0
Prkag2,PRKAG2,51422.0
Prkar1a,PRKAR1A,5573.0
Prkar1b,PRKAR1B,5575.0
Prkar2b,PRKAR2B,5577.0
Prkca,PRKCA,5578.0
Prkcb,PRKCB,5579.0
Prkce,PRKCE,5581.0
Prkd1,PRKD1,5587.0
Prkg1,PRKG1,5592.0
Prmt8,PRMT8,56341.0
Prnp,PRNP,5621.0
Prox1,PROX1,5629.0
Prr16,PRR16,51334.0
Psap,PSAP,5660.0
Ptchd4,PTCHD4,442213.0
Ptk2b,PTK2B,2185.0
Ptms,PTMS,5763.0
Ptpn13,PTPN13,5783.0
Ptpn4,PTPN4,5775.0
Ptpn5,PTPN5,84867.0
Ptprb,PTPRB,5787.0
Ptprd,PTPRD,5789.0
Ptpre,PTPRE,5791.0
Ptprg,PTPRG,5793.0
Ptprj,PTPRJ,5795.0
Ptprk,PTPRK,5796.0
Ptprm,PTPRM,5797.0
Ptprn,PTPRN,5798.0
Ptprn2,PTPRN2,5799.0
Ptpro,PTPRO,5800.0
Ptprr,PTPRR,5801.0
Ptprs,PTPRS,5802.0
Ptprt,PTPRT,11122.0
Pvalb,PVALB,5816.0
Pvrl3,,
R3hdm1,R3HDM1,23518.0
Rab3a,RAB3A,5864.0
Rab3b,RAB3B,5865.0
Rab3c,RAB3C,115827.0
Rab6b,RAB6B,51560.0
Rabgap1,RABGAP1,23637.0
Rac1,RAC1,5879.0
Rad9a,RAD9A,5883.0
Ralgapa2,RALGAPA2,57186.0
Ralgps2,RALGPS2,55103.0
Ralyl,RALYL,138046.0
Ranbp17,RANBP17,64901.0
Rap1gap,RAP1GAP,5909.0
Rap1gap2,RAP1GAP2,23108.0
Rapgef2,RAPGEF2,9693.0
Rapgef4,RAPGEF4,11069.0
Rapgef5,RAPGEF5,9771.0
Rarb,RARB,5915.0
Rasa1,RASA1,5921.0
Rasa2,RASA2,5922.0
Rasal2,RASAL2,9462.0
Rasgef1c,RASGEF1C,255426.0
Rasgrf2,RASGRF2,5924.0
Rasgrp1,RASGRP1,10125.0
Rassf8,RASSF8,11228.0
Rbfox1,RBFOX1,54715.0
Rbfox2,RBFOX2,23543.0
Rbm5,RBM5,10181.0
Rbms3,RBMS3,27303.0
Rcan2,RCAN2,10231.0
Reep1,REEP1,65055.0
Reep5,REEP5,7905.0
Reln,RELN,5649.0
Reps1,REPS1,85021.0
Rerg,RERG,85004.0
Rev3l,REV3L,5980.0
Rftn1,RFTN1,23180.0
Rfx3,RFX3,5991.0
Rgs12,RGS12,6002.0
Rgs4,RGS4,5999.0
Rgs6,RGS6,9628.0
Rgs7,RGS7,6000.0
Rgs7bp,RGS7BP,401190.0
Rhbdd2,RHBDD2,57414.0
Rhobtb2,RHOBTB2,23221.0
Rimbp2,RIMBP2,23504.0
Rims2,RIMS2,9699.0
Rims3,RIMS3,9783.0
Rit2,RIT2,6014.0
Rnf11,RNF11,26994.0
Rnf144a,RNF144A,9781.0
Rnf150,RNF150,57484.0
Rnf157,RNF157,114804.0
Rnf180,RNF180,285671.0
Robo1,ROBO1,6091.0
Robo2,ROBO2,6092.0
Robo3,ROBO3,64221.0
Rock2,ROCK2,9475.0
Rora,RORA,6095.0
Rorb,RORB,6096.0
Rph3a,RPH3A,22895.0
Rpl13,RPL13,6137.0
Rpl13a,RPL13A,23521.0
Rpl15,RPL15,6138.0
Rpl21,RPL21,6144.0
Rpl23,RPL23,9349.0
Rpl27,RPL27,6155.0
Rpl3,RPL3,6122.0
Rpl31,RPL31,6160.0
Rpl32,RPL32,6161.0
Rpl34,RPL34,6164.0
Rpl35,RPL35,11224.0
Rpl37,RPL37,6167.0
Rpl37a,RPL37A,6168.0
Rpl38,RPL38,6169.0
Rpl41,RPL41,6171.0
Rplp1,RPLP1,6176.0
Rplp2,RPLP2,6181.0
Rps12,RPS12,6206.0
Rps14,RPS14,6208.0
Rps15,RPS15,6209.0
Rps18,RPS18,6222.0
Rps19,RPS19,6223.0
Rps24,RPS24,6229.0
Rps27,RPS27,6232.0
Rps27a,RPS27A,6233.0
Rps28,RPS28,6234.0
Rps4x,RPS4X,6191.0
Rps6,RPS6,6194.0
Rps6ka2,RPS6KA2,6196.0
Rps6ka3,RPS6KA3,6197.0
Rps6kc1,RPS6KC1,26750.0
Rps8,RPS8,6202.0
Rsrp1,RSRP1,57035.0
Rtf1,RTF1,23168.0
Rtn1,RTN1,6252.0
Rtn3,RTN3,10313.0
Rtn4,RTN4,57142.0
Rundc3a,RUNDC3A,10900.0
Rundc3b,RUNDC3B,154661.0
Runx1t1,RUNX1T1,862.0
Rxfp1,RXFP1,59350.0
Ryr1,RYR1,6261.0
Ryr2,RYR2,6262.0
Ryr3,RYR3,6263.0
Samd12,SAMD12,401474.0
Saraf,SARAF,51669.0
Sat1,SAT1,6303.0
Satb2,SATB2,23314.0
Scai,SCAI,286205.0
Scamp5,SCAMP5,192683.0
Scg2,SCG2,7857.0
Scg5,SCG5,6447.0
Sclt1,SCLT1,132320.0
Scn1a,SCN1A,6323.0
Scn1b,SCN1B,6324.0
Scn3a,SCN3A,6328.0
Scn3b,SCN3B,55800.0
Scn8a,SCN8A,6334.0
Scoc,SCOC,60592.0
Scrn1,SCRN1,9805.0
Sdk1,SDK1,221935.0
Sec62,SEC62,7095.0
Sema3e,SEMA3E,9723.0
Sema5b,SEMA5B,54437.0
Sema6d,SEMA6D,80031.0
Sepw1,,
Serf2,SERF2,10169.0
Serinc1,SERINC1,57515.0
Serinc3,SERINC3,10955.0
Serpine2,SERPINE2,5270.0
Serpini1,SERPINI1,5274.0
Setbp1,SETBP1,26040.0
Sez6,SEZ6,124925.0
Sez6l,SEZ6L,23544.0
Sez6l2,SEZ6L2,26470.0
Sgcd,SGCD,6444.0
Sgcz,SGCZ,137868.0
Sgk1,SGK1,6446.0
Sh3bgrl3,SH3BGRL3,83442.0
Sh3gl2,SH3GL2,6456.0
Sh3gl3,SH3GL3,6457.0
Sh3kbp1,SH3KBP1,30011.0
Sh3pxd2a,SH3PXD2A,9644.0
Sh3rf3,SH3RF3,344558.0
Shank2,SHANK2,22941.0
Shc3,SHC3,53358.0
Shisa6,SHISA6,388336.0
Shisa8,SHISA8,440829.0
Shisa9,SHISA9,729993.0
Sipa1l1,SIPA1L1,26037.0
Sirpa,SIRPA,140885.0
Slc12a5,SLC12A5,57468.0
Slc17a7,SLC17A7,57030.0
Slc22a17,SLC22A17,51310.0
Slc24a2,SLC24A2,25769.0
Slc24a3,SLC24A3,57419.0
Slc25a12,SLC25A12,8604.0
Slc25a3,SLC25A3,5250.0
Slc2a13,SLC2A13,114134.0
Slc35f1,SLC35F1,222553.0
Slc35f3,SLC35F3,148641.0
Slc35f4,SLC35F4,341880.0
Slc38a1,SLC38A1,81539.0
Slc38a11,SLC38A11,151258.0
Slc39a10,SLC39A10,57181.0
Slc39a11,SLC39A11,201266.0
Slc44a5,SLC44A5,204962.0
Slc4a10,SLC4A10,57282.0
Slc4a8,SLC4A8,9498.0
Slc6a1,SLC6A1,6529.0
Slc6a17,SLC6A17,388662.0
Slc6a7,SLC6A7,6534.0
Slc8a1,SLC8A1,6546.0
Slc9a9,SLC9A9,285195.0
Slco3a1,SLCO3A1,28232.0
Slit1,SLIT1,6585.0
Slit2,SLIT2,9353.0
Slit3,SLIT3,6586.0
Smarca2,SMARCA2,6595.0
Smyd3,SMYD3,64754.0
Snap25,SNAP25,6616.0
Snca,SNCA,6622.0
Sncb,SNCB,6620.0
Sncg,SNCG,6623.0
Sned1,SNED1,25992.0
Snhg14,SNHG14,104472715.0
Snrnp25,SNRNP25,79622.0
Snrpn,SNRPN,6638.0
Sntg1,SNTG1,54212.0
Snx10,SNX10,29887.0
Snx3,SNX3,8724.0
Sobp,SOBP,55084.0
Sod1,SOD1,6647.0
Sorbs1,SORBS1,10580.0
Sorbs2,SORBS2,8470.0
Sorcs1,SORCS1,114815.0
Sorcs2,SORCS2,57537.0
Sorcs3,SORCS3,22986.0
Sorl1,SORL1,6653.0
Sox5,SOX5,6660.0
Sox6,SOX6,55553.0
Spag16,SPAG16,79582.0
Sparcl1,SPARCL1,8404.0
Spats2l,SPATS2L,26010.0
Sphkap,SPHKAP,80309.0
Spin1,SPIN1,10927.0
Spock1,SPOCK1,6695.0
Spock2,SPOCK2,9806.0
Spock3,SPOCK3,50859.0
Sptan1,SPTAN1,6709.0
Sptbn4,SPTBN4,57731.0
Srgap1,SRGAP1,57522.0
Srgap3,SRGAP3,9901.0
Srp14,SRP14,6727.0
Srrm3,SRRM3,222183.0
Srrm4,SRRM4,84530.0
Srsf5,SRSF5,6430.0
Ssbp3,SSBP3,23648.0
Sst,SST,6750.0
Ssx2ip,SSX2IP,117178.0
St6galnac5,ST6GALNAC5,81849.0
St8sia1,ST8SIA1,6489.0
St8sia3,ST8SIA3,51046.0
St8sia5,ST8SIA5,29906.0
Stard13,STARD13,90627.0
Stmn1,STMN1,3925.0
Stmn2,STMN2,11075.0
Stmn3,STMN3,50861.0
Stox2,STOX2,56977.0
Strbp,STRBP,55342.0
Stx1a,STX1A,6804.0
Stxbp1,STXBP1,6812.0
Stxbp5,STXBP5,134957.0
Stxbp5l,STXBP5L,9515.0
Stxbp6,STXBP6,29091.0
Sugp2,SUGP2,10147.0
Sult4a1,SULT4A1,25830.0
Susd4,SUSD4,55061.0
Sv2a,SV2A,9900.0
Sv2b,SV2B,9899.0
Sv2c,SV2C,22987.0
Sybu,SYBU,55638.0
Syn1,SYN1,6853.0
Syn2,SYN2,6854.0
Syn3,SYN3,8224.0
Syngr1,SYNGR1,9145.0
Synj1,SYNJ1,8867.0
Synj2,SYNJ2,8871.0
Synpo2,SYNPO2,171024.0
Synpr,SYNPR,132204.0
Syp,SYP,6855.0
Syt1,SYT1,6857.0
Syt11,SYT11,23208.0
Syt13,SYT13,57586.0
Syt14,SYT14,255928.0
Syt4,SYT4,6860.0
Syt7,SYT7,9066.0
Sytl2,SYTL2,54843.0
Tac1,TAC1,6863.0
Tacc1,TACC1,6867.0
Tacr1,TACR1,6869.0
Tagln3,TAGLN3,29114.0
Tanc2,TANC2,26115.0
Taok3,TAOK3,51347.0
Tasp1,TASP1,55617.0
Tceb2,,
Tcf4,TCF4,6925.0
Tenm1,TENM1,10178.0
Tenm2,TENM2,57451.0
Tenm3,TENM3,55714.0
Tenm4,TENM4,26011.0
Terf2ip,TERF2IP,54386.0
Tesc,TESC,54997.0
Tespa1,TESPA1,9840.0
Tfdp2,TFDP2,7029.0
Themis,THEMIS,387357.0
Thrb,THRB,7068.0
Thsd7a,THSD7A,221981.0
Thsd7b,THSD7B,80731.0
Thy1,THY1,7070.0
Tiam1,TIAM1,7074.0
Timp2,TIMP2,7077.0
Tle4,TLE4,7091.0
Tlk1,TLK1,9874.0
Tll1,TLL1,7092.0
Tln2,TLN2,83660.0
Tma7,TMA7,51372.0
Tmeff2,TMEFF2,23671.0
Tmem108,TMEM108,66000.0
Tmem130,TMEM130,222865.0
Tmem132b,TMEM132B,114795.0
Tmem132c,TMEM132C,92293.0
Tmem132d,TMEM132D,121256.0
Tmem160,TMEM160,54958.0
Tmem178b,TMEM178B,100507421.0
Tmem232,TMEM232,642987.0
Tmem30a,,
Tmem59l,TMEM59L,25789.0
Tmsb10,TMSB10,9168.0
Tmsb4x,TMSB4X,7114.0
Tmtc1,TMTC1,83857.0
Tmtc2,TMTC2,160335.0
Tnik,TNIK,23043.0
Tollip,TOLLIP,54472.0
Tomm20,TOMM20,9804.0
Tox,TOX,9760.0
Tox2,TOX2,84969.0
Tox3,TOX3,27324.0
Tpi1,TPI1,7167.0
Tppp,TPPP,11076.0
Tpst1,TPST1,8460.0
Trerf1,TRERF1,55809.0
Trhde,TRHDE,29953.0
Trim37,TRIM37,4591.0
Trim9,TRIM9,114088.0
Trio,TRIO,7204.0
Trpc3,TRPC3,7222.0
Trpc5,TRPC5,7224.0
Trpm2,TRPM2,7226.0
Trpm3,TRPM3,80036.0
Trps1,TRPS1,7227.0
Tsc22d1,TSC22D1,8848.0
Tshz2,TSHZ2,128553.0
Tshz3,TSHZ3,57616.0
Tspan7,TSPAN7,7102.0
Tspyl1,TSPYL1,7259.0
Tspyl2,TSPYL2,64061.0
Tspyl4,TSPYL4,23270.0
Ttbk2,TTBK2,146057.0
Ttc28,TTC28,23331.0
Ttll11,TTLL11,158135.0
Tuba1a,TUBA1A,7846.0
Tuba1b,TUBA1B,10376.0
Tuba4a,TUBA4A,7277.0
Tubb2a,TUBB2A,7280.0
Tubb4a,TUBB4A,10382.0
Ubash3b,UBASH3B,84959.0
Ubb,UBB,7314.0
Ubc,UBC,7316.0
Ube2e3,UBE2E3,10477.0
Uchl1,UCHL1,7345.0
Uggt2,UGGT2,55757.0
Unc13a,UNC13A,23025.0
Unc13c,UNC13C,440279.0
Unc5c,UNC5C,8633.0
Unc5d,UNC5D,137970.0
Unc80,UNC80,285175.0
Upp1,UPP1,7378.0
Uqcrb,UQCRB,7381.0
Uqcrh,UQCRH,7388.0
Usmg5,,
Usp11,USP11,8237.0
Usp22,USP22,23326.0
Usp25,USP25,29761.0
Ust,UST,10090.0
Vdac1,VDAC1,7416.0
Vgll4,VGLL4,9686.0
Vip,VIP,7432.0
Vps13a,VPS13A,23230.0
Vps13d,VPS13D,55187.0
Vps41,VPS41,27072.0
Vsnl1,VSNL1,7447.0
Vwc2,VWC2,375567.0
Vwc2l,VWC2L,402117.0
Wasf1,WASF1,8936.0
Wasf3,WASF3,10810.0
Wbp2,WBP2,23558.0
Wbscr17,,
Wdr17,WDR17,116966.0
Wif1,WIF1,11197.0
Wls,WLS,79971.0
Wnk2,WNK2,65268.0
Wsb1,WSB1,26118.0
Wsb2,WSB2,55884.0
Wwp1,WWP1,11059.0
Xkr4,XKR4,114786.0
Xkr6,XKR6,286046.0
Xylt1,XYLT1,64131.0
Ypel3,YPEL3,83719.0
Ywhab,YWHAB,7529.0
Ywhae,YWHAE,7531.0
Ywhag,YWHAG,7532.0
Ywhah,YWHAH,7533.0
Ywhaz,YWHAZ,7534.0
Zbtb16,ZBTB16,7704.0
Zcchc11,,
Zeb1,ZEB1,6935.0
Zeb2,ZEB2,9839.0
Zfand5,ZFAND5,7763.0
Zfpm2,ZFPM2,23414.0
Zfyve28,ZFYVE28,57732.0
Zmat4,ZMAT4,79698.0
Zmynd8,ZMYND8,23613.0
Zyg11b,ZYG11B,79699.0
